Fecha,Usuario,Jornada,Horario,Almuerzo,Descanso
02/01/2026,yamilgonzalez,Centro De Contacto,06:00:00,11:00:00,07:45:00
02/01/2026,conavarro,Centro De Contacto,06:00:00,11:00:00,07:45:00
02/01/2026,Gcoronado,Centro De Contacto,06:00:00,11:00:00,07:45:00
02/01/2026,dmolino,Vacaciones,06:00:00,11:00:00,07:45:00
02/01/2026,yetienne,Centro De Contacto,06:00:00,11:00:00,07:45:00
02/01/2026,Nlondono,Centro De Contacto,06:00:00,11:00:00,07:45:00
02/01/2026,rossantamaria,Centro De Contacto,06:00:00,11:00:00,07:45:00
02/01/2026,tpolo,Centro De Contacto,06:00:00,11:00:00,07:45:00
02/01/2026,novilla,Centro De Contacto,06:00:00,11:00:00,07:45:00
02/01/2026,lmartinez,Centro De Contacto,06:00:00,11:00:00,07:45:00
02/01/2026,Zestrada,Centro De Contacto,06:00:00,11:35:00,08:05:00
02/01/2026,aigraell,Centro De Contacto,06:00:00,11:35:00,08:05:00
02/01/2026,gman,Centro De Contacto,06:00:00,11:35:00,08:05:00
02/01/2026,genemoreno,Centro De Contacto,06:00:00,11:35:00,08:05:00
02/01/2026,lilmoreno,Vacaciones,06:00:00,11:35:00,08:05:00
02/01/2026,Yavallejos,Centro De Contacto,06:00:00,11:35:00,08:05:00
02/01/2026,gaflores,Centro De Contacto,06:00:00,11:35:00,08:05:00
02/01/2026,ivnunez,Centro De Contacto,06:00:00,11:35:00,08:05:00
02/01/2026,Melmartinez,Centro De Contacto,06:00:00,11:35:00,08:05:00
02/01/2026,glchanis,Centro De Contacto,06:00:00,11:35:00,08:05:00
02/01/2026,irisgomez,Licencia,06:00:00,11:35:00,08:05:00
02/01/2026,Yulrodriguez,Centro De Contacto,06:00:00,11:45:00,08:25:00
02/01/2026,lijuarez,Centro De Contacto,06:00:00,11:45:00,08:25:00
02/01/2026,sarrodriguez,Centro De Contacto,06:00:00,11:45:00,08:25:00
02/01/2026,gisssanchez,Centro De Contacto,06:00:00,11:45:00,08:25:00
02/01/2026,Rubmorales,Vacaciones,06:00:00,11:45:00,08:25:00
02/01/2026,ensandoval,Centro De Contacto,06:00:00,11:45:00,08:25:00
02/01/2026,Ztrejos,Centro De Contacto,06:00:00,11:45:00,08:25:00
02/01/2026,girgonzalez,Centro De Contacto,06:00:00,11:45:00,08:25:00
02/01/2026,arenteria,Licencia,06:00:00,11:45:00,08:25:00
02/01/2026,julcorrea,Centro De Contacto,06:00:00,11:45:00,08:25:00
02/01/2026,celirodriguez,Vacaciones,07:00:00,12:20:00,09:35:00
02/01/2026,mlorenzo,Vacaciones,07:00:00,12:20:00,09:35:00
02/01/2026,luiquijada,Centro De Contacto,07:00:00,12:20:00,09:35:00
02/01/2026,kdurango,Centro De Contacto,07:00:00,12:20:00,09:35:00
02/01/2026,jbrugiatti,Centro De Contacto,07:00:00,12:20:00,09:35:00
02/01/2026,Eshernandez,Centro De Contacto,07:00:00,12:20:00,09:35:00
02/01/2026,mnoval,Centro De Contacto,07:00:00,12:20:00,09:35:00
02/01/2026,jballis,Centro De Contacto,07:00:00,12:20:00,09:35:00
02/01/2026,gorodriguez,Centro De Contacto,07:00:00,12:20:00,09:35:00
02/01/2026,mereyes,Centro De Contacto,07:00:00,12:20:00,09:35:00
02/01/2026,noregonzalez,Centro De Contacto,07:00:00,12:30:00,09:15:00
02/01/2026,kdominguez,Licencia,07:00:00,12:30:00,09:15:00
02/01/2026,Cvillaverde,Centro De Contacto,07:00:00,12:30:00,09:15:00
02/01/2026,Jearrocha,Traslado,07:00:00,12:30:00,09:15:00
02/01/2026,Jpile,Centro De Contacto,07:00:00,12:30:00,09:15:00
02/01/2026,erphillips,Centro De Contacto,07:00:00,12:30:00,09:15:00
02/01/2026,rmontero,Centro De Contacto,07:00:00,12:30:00,09:15:00
02/01/2026,vimoran,Centro De Contacto,07:00:00,12:30:00,09:15:00
02/01/2026,vedelacruz,Centro De Contacto,07:00:00,12:30:00,09:15:00
02/01/2026,Jingonzalez,Centro De Contacto,07:00:00,12:30:00,09:15:00
02/01/2026,scoke,Centro De Contacto,07:00:00,12:30:00,09:15:00
02/01/2026,lizisaza,Centro De Contacto,09:00:00,13:10:00,10:05:00
02/01/2026,raycastillero,Centro De Contacto,09:00:00,13:10:00,10:05:00
02/01/2026,cacollado,Centro De Contacto,09:00:00,13:10:00,10:05:00
02/01/2026,meljaramillo,Centro De Contacto,09:00:00,13:10:00,10:05:00
02/01/2026,vplicett,Centro De Contacto,09:00:00,13:10:00,10:05:00
02/01/2026,danitbatista,Vacaciones,09:00:00,13:10:00,10:05:00
02/01/2026,yarmunoz,Centro De Contacto,09:00:00,13:10:00,10:25:00
02/01/2026,siolivares,Centro De Contacto,09:00:00,13:10:00,10:25:00
02/01/2026,xaviles,Centro De Contacto,09:00:00,13:10:00,10:25:00
02/01/2026,inggomez,Centro De Contacto,09:00:00,13:10:00,10:25:00
02/01/2026,Bramirez,Centro De Contacto,09:00:00,13:10:00,10:25:00
02/01/2026,dancedeno,Vacaciones,06:00:00,12:00:00,08:00:00
02/01/2026,kbennett,Centro De Contacto,06:00:00,11:00:00,07:15:00
02/01/2026,locerrud,Centro De Contacto,06:00:00,11:00:00,07:30:00
02/01/2026,ariasanchez,Vacaciones,06:00:00,11:45:00,07:00:00
02/01/2026,avelez,Centro De Contacto,06:00:00,11:45:00,08:15:00
02/01/2026,rolaguilar,Centro De Contacto,09:00:00,13:00:00,10:30:00
02/01/2026,yacastro,Centro De Contacto,09:00:00,13:00:00,10:30:00
02/01/2026,ypineda,Centro De Contacto,09:00:00,13:00:00,10:45:00
02/01/2026,cacedeno,Licencia,09:00:00,13:00:00,10:45:00
02/01/2026,maryherrera,Centro De Contacto,09:00:00,13:00:00,11:00:00
05/01/2026,Zestrada,Centro De Contacto,06:00:00,11:00:00,07:45:00
05/01/2026,aigraell,Centro De Contacto,06:00:00,11:00:00,07:45:00
05/01/2026,gman,Centro De Contacto,06:00:00,11:00:00,07:45:00
05/01/2026,genemoreno,Centro De Contacto,06:00:00,11:00:00,07:45:00
05/01/2026,lilmoreno,Vacaciones,06:00:00,11:00:00,07:45:00
05/01/2026,Yavallejos,Centro De Contacto,06:00:00,11:00:00,07:45:00
05/01/2026,gaflores,Centro De Contacto,06:00:00,11:00:00,07:45:00
05/01/2026,ivnunez,Centro De Contacto,06:00:00,11:00:00,07:45:00
05/01/2026,Melmartinez,Centro De Contacto,06:00:00,11:00:00,07:45:00
05/01/2026,glchanis,Centro De Contacto,06:00:00,11:00:00,07:45:00
05/01/2026,irisgomez,Licencia,06:00:00,11:00:00,07:45:00
05/01/2026,noregonzalez,Centro De Contacto,06:00:00,11:35:00,08:05:00
05/01/2026,kdominguez,Licencia,06:00:00,11:35:00,08:05:00
05/01/2026,Cvillaverde,Centro De Contacto,06:00:00,11:35:00,08:05:00
05/01/2026,Jearrocha,Traslado,06:00:00,11:35:00,08:05:00
05/01/2026,Jpile,Centro De Contacto,06:00:00,11:35:00,08:05:00
05/01/2026,erphillips,Centro De Contacto,06:00:00,11:35:00,08:05:00
05/01/2026,rmontero,Centro De Contacto,06:00:00,11:35:00,08:05:00
05/01/2026,vimoran,Centro De Contacto,06:00:00,11:35:00,08:05:00
05/01/2026,vedelacruz,Centro De Contacto,06:00:00,11:35:00,08:05:00
05/01/2026,Jingonzalez,Centro De Contacto,06:00:00,11:35:00,08:05:00
05/01/2026,scoke,Centro De Contacto,06:00:00,11:35:00,08:05:00
05/01/2026,Yulrodriguez,Centro De Contacto,06:00:00,11:45:00,08:25:00
05/01/2026,lijuarez,Centro De Contacto,06:00:00,11:45:00,08:25:00
05/01/2026,sarrodriguez,Centro De Contacto,06:00:00,11:45:00,08:25:00
05/01/2026,gisssanchez,Centro De Contacto,06:00:00,11:45:00,08:25:00
05/01/2026,Rubmorales,Vacaciones,06:00:00,11:45:00,08:25:00
05/01/2026,ensandoval,Centro De Contacto,06:00:00,11:45:00,08:25:00
05/01/2026,Ztrejos,Centro De Contacto,06:00:00,11:45:00,08:25:00
05/01/2026,girgonzalez,Centro De Contacto,06:00:00,11:45:00,08:25:00
05/01/2026,arenteria,Centro De Contacto,06:00:00,11:45:00,08:25:00
05/01/2026,julcorrea,Incapacidad Extendida,06:00:00,11:45:00,08:25:00
05/01/2026,lizisaza,Centro De Contacto,07:00:00,12:25:00,09:15:00
05/01/2026,raycastillero,Centro De Contacto,07:00:00,12:25:00,09:15:00
05/01/2026,cacollado,Centro De Contacto,07:00:00,12:25:00,09:15:00
05/01/2026,meljaramillo,Centro De Contacto,07:00:00,12:25:00,09:15:00
05/01/2026,vplicett,Centro De Contacto,07:00:00,12:25:00,09:15:00
05/01/2026,danitbatista,Vacaciones,07:00:00,12:25:00,09:15:00
05/01/2026,yarmunoz,Centro De Contacto,07:00:00,12:25:00,09:15:00
05/01/2026,siolivares,Centro De Contacto,07:00:00,12:25:00,09:15:00
05/01/2026,xaviles,Centro De Contacto,07:00:00,12:25:00,09:15:00
05/01/2026,inggomez,Centro De Contacto,07:00:00,12:25:00,09:15:00
05/01/2026,Bramirez,Centro De Contacto,07:00:00,12:25:00,09:15:00
05/01/2026,yamilgonzalez,Centro De Contacto,09:00:00,13:00:00,10:30:00
05/01/2026,conavarro,Centro De Contacto,09:00:00,13:00:00,10:30:00
05/01/2026,Gcoronado,Centro De Contacto,09:00:00,13:00:00,10:30:00
05/01/2026,dmolino,Vacaciones,09:00:00,13:00:00,10:30:00
05/01/2026,yetienne,Centro De Contacto,09:00:00,13:00:00,10:30:00
05/01/2026,Nlondono,Centro De Contacto,09:00:00,13:00:00,10:30:00
05/01/2026,rossantamaria,Centro De Contacto,09:00:00,13:00:00,10:30:00
05/01/2026,tpolo,Centro De Contacto,09:00:00,13:00:00,10:30:00
05/01/2026,novilla,Centro De Contacto,09:00:00,13:00:00,10:30:00
05/01/2026,lmartinez,Centro De Contacto,09:00:00,13:00:00,10:30:00
05/01/2026,celirodriguez,Vacaciones,09:00:00,13:10:00,10:05:00
05/01/2026,mlorenzo,Vacaciones,09:00:00,13:10:00,10:05:00
05/01/2026,luiquijada,Centro De Contacto,09:00:00,13:10:00,10:05:00
05/01/2026,kdurango,Centro De Contacto,09:00:00,13:10:00,10:05:00
05/01/2026,jbrugiatti,Centro De Contacto,09:00:00,13:10:00,10:05:00
05/01/2026,Eshernandez,Centro De Contacto,09:00:00,13:10:00,10:25:00
05/01/2026,mnoval,Centro De Contacto,09:00:00,13:10:00,10:25:00
05/01/2026,jballis,Centro De Contacto,09:00:00,13:10:00,10:25:00
05/01/2026,gorodriguez,Centro De Contacto,09:00:00,13:10:00,10:25:00
05/01/2026,mereyes,Centro De Contacto,09:00:00,13:10:00,10:25:00
05/01/2026,dancedeno,Vacaciones,06:00:00,12:00:00,08:00:00
05/01/2026,ypineda,Centro De Contacto,06:00:00,11:00:00,07:15:00
05/01/2026,yacastro,Centro De Contacto,06:00:00,11:00:00,07:30:00
05/01/2026,rolaguilar,Centro De Contacto,06:00:00,11:45:00,07:00:00
05/01/2026,ariasanchez,Vacaciones,06:00:00,11:45:00,08:15:00
05/01/2026,kbennett,Centro De Contacto,09:00:00,13:00:00,10:30:00
05/01/2026,locerrud,Centro De Contacto,09:00:00,13:00:00,10:30:00
05/01/2026,avelez,Centro De Contacto,09:00:00,13:00:00,10:45:00
05/01/2026,cacedeno,Licencia,09:00:00,13:00:00,10:45:00
05/01/2026,maryherrera,Centro De Contacto,09:00:00,13:00:00,11:00:00
06/01/2026,Zestrada,Centro De Contacto,06:00:00,11:00:00,07:45:00
06/01/2026,aigraell,Centro De Contacto,06:00:00,11:00:00,07:45:00
06/01/2026,gman,Centro De Contacto,06:00:00,11:00:00,07:45:00
06/01/2026,genemoreno,Centro De Contacto,06:00:00,11:00:00,07:45:00
06/01/2026,lilmoreno,Vacaciones,06:00:00,11:00:00,07:45:00
06/01/2026,Yavallejos,Centro De Contacto,06:00:00,11:00:00,07:45:00
06/01/2026,gaflores,Centro De Contacto,06:00:00,11:00:00,07:45:00
06/01/2026,ivnunez,Centro De Contacto,06:00:00,11:00:00,07:45:00
06/01/2026,Melmartinez,Centro De Contacto,06:00:00,11:00:00,07:45:00
06/01/2026,glchanis,Centro De Contacto,06:00:00,11:00:00,07:45:00
06/01/2026,irisgomez,Licencia,06:00:00,11:00:00,07:45:00
06/01/2026,noregonzalez,Centro De Contacto,06:00:00,11:35:00,08:05:00
06/01/2026,kdominguez,Centro De Contacto,06:00:00,11:35:00,08:05:00
06/01/2026,Cvillaverde,Centro De Contacto,06:00:00,11:35:00,08:05:00
06/01/2026,Jearrocha,Traslado,06:00:00,11:35:00,08:05:00
06/01/2026,Jpile,Centro De Contacto,06:00:00,11:35:00,08:05:00
06/01/2026,erphillips,Centro De Contacto,06:00:00,11:35:00,08:05:00
06/01/2026,rmontero,Centro De Contacto,06:00:00,11:35:00,08:05:00
06/01/2026,vimoran,Centro De Contacto,06:00:00,11:35:00,08:05:00
06/01/2026,vedelacruz,Centro De Contacto,06:00:00,11:35:00,08:05:00
06/01/2026,Jingonzalez,Centro De Contacto,06:00:00,11:35:00,08:05:00
06/01/2026,scoke,Centro De Contacto,06:00:00,11:35:00,08:05:00
06/01/2026,Yulrodriguez,Centro De Contacto,06:00:00,11:45:00,08:25:00
06/01/2026,lijuarez,Centro De Contacto,06:00:00,11:45:00,08:25:00
06/01/2026,sarrodriguez,Centro De Contacto,06:00:00,11:45:00,08:25:00
06/01/2026,gisssanchez,Centro De Contacto,06:00:00,11:45:00,08:25:00
06/01/2026,Rubmorales,Vacaciones,06:00:00,11:45:00,08:25:00
06/01/2026,ensandoval,Centro De Contacto,06:00:00,11:45:00,08:25:00
06/01/2026,Ztrejos,Centro De Contacto,06:00:00,11:45:00,08:25:00
06/01/2026,girgonzalez,Centro De Contacto,06:00:00,11:45:00,08:25:00
06/01/2026,arenteria,Centro De Contacto,06:00:00,11:45:00,08:25:00
06/01/2026,julcorrea,Incapacidad Extendida,06:00:00,11:45:00,08:25:00
06/01/2026,lizisaza,Centro De Contacto,07:00:00,12:25:00,09:15:00
06/01/2026,raycastillero,Centro De Contacto,07:00:00,12:25:00,09:15:00
06/01/2026,cacollado,Centro De Contacto,07:00:00,12:25:00,09:15:00
06/01/2026,meljaramillo,Centro De Contacto,07:00:00,12:25:00,09:15:00
06/01/2026,vplicett,Centro De Contacto,07:00:00,12:25:00,09:15:00
06/01/2026,danitbatista,Vacaciones,07:00:00,12:25:00,09:15:00
06/01/2026,yarmunoz,Centro De Contacto,07:00:00,12:25:00,09:15:00
06/01/2026,siolivares,Centro De Contacto,07:00:00,12:25:00,09:15:00
06/01/2026,xaviles,Centro De Contacto,07:00:00,12:25:00,09:15:00
06/01/2026,inggomez,Centro De Contacto,07:00:00,12:25:00,09:15:00
06/01/2026,Bramirez,Centro De Contacto,07:00:00,12:25:00,09:15:00
06/01/2026,yamilgonzalez,Centro De Contacto,09:00:00,13:00:00,10:30:00
06/01/2026,conavarro,Centro De Contacto,09:00:00,13:00:00,10:30:00
06/01/2026,Gcoronado,Centro De Contacto,09:00:00,13:00:00,10:30:00
06/01/2026,dmolino,Vacaciones,09:00:00,13:00:00,10:30:00
06/01/2026,yetienne,Centro De Contacto,09:00:00,13:00:00,10:30:00
06/01/2026,Nlondono,Centro De Contacto,09:00:00,13:00:00,10:30:00
06/01/2026,rossantamaria,Centro De Contacto,09:00:00,13:00:00,10:30:00
06/01/2026,tpolo,Centro De Contacto,09:00:00,13:00:00,10:30:00
06/01/2026,novilla,Centro De Contacto,09:00:00,13:00:00,10:30:00
06/01/2026,lmartinez,Centro De Contacto,09:00:00,13:00:00,10:30:00
06/01/2026,celirodriguez,Vacaciones,09:00:00,13:10:00,10:05:00
06/01/2026,mlorenzo,Vacaciones,09:00:00,13:10:00,10:05:00
06/01/2026,luiquijada,Centro De Contacto,09:00:00,13:10:00,10:05:00
06/01/2026,kdurango,Centro De Contacto,09:00:00,13:10:00,10:05:00
06/01/2026,jbrugiatti,Centro De Contacto,09:00:00,13:10:00,10:05:00
06/01/2026,Eshernandez,Centro De Contacto,09:00:00,13:10:00,10:25:00
06/01/2026,mnoval,Centro De Contacto,09:00:00,13:10:00,10:25:00
06/01/2026,jballis,Centro De Contacto,09:00:00,13:10:00,10:25:00
06/01/2026,gorodriguez,Centro De Contacto,09:00:00,13:10:00,10:25:00
06/01/2026,mereyes,Centro De Contacto,09:00:00,13:10:00,10:25:00
06/01/2026,dancedeno,Vacaciones,06:00:00,12:00:00,08:00:00
06/01/2026,ypineda,Centro De Contacto,06:00:00,11:00:00,07:15:00
06/01/2026,yacastro,Centro De Contacto,06:00:00,11:00:00,07:30:00
06/01/2026,rolaguilar,Centro De Contacto,06:00:00,11:45:00,07:00:00
06/01/2026,ariasanchez,Vacaciones,06:00:00,11:45:00,08:15:00
06/01/2026,kbennett,Centro De Contacto,09:00:00,13:00:00,10:30:00
06/01/2026,locerrud,Centro De Contacto,09:00:00,13:00:00,10:30:00
06/01/2026,avelez,Centro De Contacto,09:00:00,13:00:00,10:45:00
06/01/2026,cacedeno,Licencia,09:00:00,13:00:00,10:45:00
06/01/2026,maryherrera,Centro De Contacto,09:00:00,13:00:00,11:00:00
07/01/2026,Zestrada,Centro De Contacto,06:00:00,11:00:00,07:45:00
07/01/2026,aigraell,Centro De Contacto,06:00:00,11:00:00,07:45:00
07/01/2026,gman,Centro De Contacto,06:00:00,11:00:00,07:45:00
07/01/2026,genemoreno,Centro De Contacto,06:00:00,11:00:00,07:45:00
07/01/2026,lilmoreno,Vacaciones,06:00:00,11:00:00,07:45:00
07/01/2026,Yavallejos,Centro De Contacto,06:00:00,11:00:00,07:45:00
07/01/2026,gaflores,Centro De Contacto,06:00:00,11:00:00,07:45:00
07/01/2026,ivnunez,Centro De Contacto,06:00:00,11:00:00,07:45:00
07/01/2026,Melmartinez,Centro De Contacto,06:00:00,11:00:00,07:45:00
07/01/2026,glchanis,Centro De Contacto,06:00:00,11:00:00,07:45:00
07/01/2026,irisgomez,Licencia,06:00:00,11:00:00,07:45:00
07/01/2026,noregonzalez,Centro De Contacto,06:00:00,11:35:00,08:05:00
07/01/2026,kdominguez,Centro De Contacto,06:00:00,11:35:00,08:05:00
07/01/2026,Cvillaverde,Centro De Contacto,06:00:00,11:35:00,08:05:00
07/01/2026,Jearrocha,Traslado,06:00:00,11:35:00,08:05:00
07/01/2026,Jpile,Centro De Contacto,06:00:00,11:35:00,08:05:00
07/01/2026,erphillips,Centro De Contacto,06:00:00,11:35:00,08:05:00
07/01/2026,rmontero,Centro De Contacto,06:00:00,11:35:00,08:05:00
07/01/2026,vimoran,Centro De Contacto,06:00:00,11:35:00,08:05:00
07/01/2026,vedelacruz,Centro De Contacto,06:00:00,11:35:00,08:05:00
07/01/2026,Jingonzalez,Centro De Contacto,06:00:00,11:35:00,08:05:00
07/01/2026,scoke,Centro De Contacto,06:00:00,11:35:00,08:05:00
07/01/2026,Yulrodriguez,Centro De Contacto,06:00:00,11:45:00,08:25:00
07/01/2026,lijuarez,Centro De Contacto,06:00:00,11:45:00,08:25:00
07/01/2026,sarrodriguez,Centro De Contacto,06:00:00,11:45:00,08:25:00
07/01/2026,gisssanchez,Centro De Contacto,06:00:00,11:45:00,08:25:00
07/01/2026,Rubmorales,Vacaciones,06:00:00,11:45:00,08:25:00
07/01/2026,ensandoval,Centro De Contacto,06:00:00,11:45:00,08:25:00
07/01/2026,Ztrejos,Centro De Contacto,06:00:00,11:45:00,08:25:00
07/01/2026,girgonzalez,Centro De Contacto,06:00:00,11:45:00,08:25:00
07/01/2026,arenteria,Centro De Contacto,06:00:00,11:45:00,08:25:00
07/01/2026,julcorrea,Incapacidad Extendida,06:00:00,11:45:00,08:25:00
07/01/2026,lizisaza,Centro De Contacto,07:00:00,12:25:00,09:15:00
07/01/2026,raycastillero,Centro De Contacto,07:00:00,12:25:00,09:15:00
07/01/2026,cacollado,Centro De Contacto,07:00:00,12:25:00,09:15:00
07/01/2026,meljaramillo,Centro De Contacto,07:00:00,12:25:00,09:15:00
07/01/2026,vplicett,Centro De Contacto,07:00:00,12:25:00,09:15:00
07/01/2026,danitbatista,Vacaciones,07:00:00,12:25:00,09:15:00
07/01/2026,yarmunoz,Centro De Contacto,07:00:00,12:25:00,09:15:00
07/01/2026,siolivares,Centro De Contacto,07:00:00,12:25:00,09:15:00
07/01/2026,xaviles,Centro De Contacto,07:00:00,12:25:00,09:15:00
07/01/2026,inggomez,Centro De Contacto,07:00:00,12:25:00,09:15:00
07/01/2026,Bramirez,Centro De Contacto,07:00:00,12:25:00,09:15:00
07/01/2026,yamilgonzalez,Centro De Contacto,09:00:00,13:00:00,10:30:00
07/01/2026,conavarro,Centro De Contacto,09:00:00,13:00:00,10:30:00
07/01/2026,Gcoronado,Centro De Contacto,09:00:00,13:00:00,10:30:00
07/01/2026,dmolino,Vacaciones,09:00:00,13:00:00,10:30:00
07/01/2026,yetienne,Centro De Contacto,09:00:00,13:00:00,10:30:00
07/01/2026,Nlondono,Centro De Contacto,09:00:00,13:00:00,10:30:00
07/01/2026,rossantamaria,Centro De Contacto,09:00:00,13:00:00,10:30:00
07/01/2026,tpolo,Centro De Contacto,09:00:00,13:00:00,10:30:00
07/01/2026,novilla,Centro De Contacto,09:00:00,13:00:00,10:30:00
07/01/2026,lmartinez,Centro De Contacto,09:00:00,13:00:00,10:30:00
07/01/2026,celirodriguez,Vacaciones,09:00:00,13:10:00,10:05:00
07/01/2026,mlorenzo,Vacaciones,09:00:00,13:10:00,10:05:00
07/01/2026,luiquijada,Centro De Contacto,09:00:00,13:10:00,10:05:00
07/01/2026,kdurango,Centro De Contacto,09:00:00,13:10:00,10:05:00
07/01/2026,jbrugiatti,Centro De Contacto,09:00:00,13:10:00,10:05:00
07/01/2026,Eshernandez,Centro De Contacto,09:00:00,13:10:00,10:25:00
07/01/2026,mnoval,Centro De Contacto,09:00:00,13:10:00,10:25:00
07/01/2026,jballis,Centro De Contacto,09:00:00,13:10:00,10:25:00
07/01/2026,gorodriguez,Centro De Contacto,09:00:00,13:10:00,10:25:00
07/01/2026,mereyes,Centro De Contacto,09:00:00,13:10:00,10:25:00
07/01/2026,dancedeno,Vacaciones,06:00:00,12:00:00,08:00:00
07/01/2026,ypineda,Centro De Contacto,06:00:00,11:00:00,07:15:00
07/01/2026,yacastro,Centro De Contacto,06:00:00,11:00:00,07:30:00
07/01/2026,rolaguilar,Centro De Contacto,06:00:00,11:45:00,07:00:00
07/01/2026,ariasanchez,Vacaciones,06:00:00,11:45:00,08:15:00
07/01/2026,kbennett,Centro De Contacto,09:00:00,13:00:00,10:30:00
07/01/2026,locerrud,Centro De Contacto,09:00:00,13:00:00,10:30:00
07/01/2026,avelez,Centro De Contacto,09:00:00,13:00:00,10:45:00
07/01/2026,cacedeno,Licencia,09:00:00,13:00:00,10:45:00
07/01/2026,maryherrera,Centro De Contacto,09:00:00,13:00:00,11:00:00
08/01/2026,Zestrada,Centro De Contacto,06:00:00,11:00:00,07:45:00
08/01/2026,aigraell,Centro De Contacto,06:00:00,11:00:00,07:45:00
08/01/2026,gman,Centro De Contacto,06:00:00,11:00:00,07:45:00
08/01/2026,genemoreno,Centro De Contacto,06:00:00,11:00:00,07:45:00
08/01/2026,lilmoreno,Vacaciones,06:00:00,11:00:00,07:45:00
08/01/2026,Yavallejos,Centro De Contacto,06:00:00,11:00:00,07:45:00
08/01/2026,gaflores,Centro De Contacto,06:00:00,11:00:00,07:45:00
08/01/2026,ivnunez,Centro De Contacto,06:00:00,11:00:00,07:45:00
08/01/2026,Melmartinez,Centro De Contacto,06:00:00,11:00:00,07:45:00
08/01/2026,glchanis,Centro De Contacto,06:00:00,11:00:00,07:45:00
08/01/2026,irisgomez,Licencia,06:00:00,11:00:00,07:45:00
08/01/2026,noregonzalez,Centro De Contacto,06:00:00,11:35:00,08:05:00
08/01/2026,kdominguez,Centro De Contacto,06:00:00,11:35:00,08:05:00
08/01/2026,Cvillaverde,Centro De Contacto,06:00:00,11:35:00,08:05:00
08/01/2026,Jearrocha,Traslado,06:00:00,11:35:00,08:05:00
08/01/2026,Jpile,Centro De Contacto,06:00:00,11:35:00,08:05:00
08/01/2026,erphillips,Centro De Contacto,06:00:00,11:35:00,08:05:00
08/01/2026,rmontero,Centro De Contacto,06:00:00,11:35:00,08:05:00
08/01/2026,vimoran,Centro De Contacto,06:00:00,11:35:00,08:05:00
08/01/2026,vedelacruz,Centro De Contacto,06:00:00,11:35:00,08:05:00
08/01/2026,Jingonzalez,Centro De Contacto,06:00:00,11:35:00,08:05:00
08/01/2026,scoke,Centro De Contacto,06:00:00,11:35:00,08:05:00
08/01/2026,Yulrodriguez,Centro De Contacto,06:00:00,11:45:00,08:25:00
08/01/2026,lijuarez,Centro De Contacto,06:00:00,11:45:00,08:25:00
08/01/2026,sarrodriguez,Centro De Contacto,06:00:00,11:45:00,08:25:00
08/01/2026,gisssanchez,Centro De Contacto,06:00:00,11:45:00,08:25:00
08/01/2026,Rubmorales,Vacaciones,06:00:00,11:45:00,08:25:00
08/01/2026,ensandoval,Centro De Contacto,06:00:00,11:45:00,08:25:00
08/01/2026,Ztrejos,Centro De Contacto,06:00:00,11:45:00,08:25:00
08/01/2026,girgonzalez,Centro De Contacto,06:00:00,11:45:00,08:25:00
08/01/2026,arenteria,Centro De Contacto,06:00:00,11:45:00,08:25:00
08/01/2026,julcorrea,Incapacidad Extendida,06:00:00,11:45:00,08:25:00
08/01/2026,lizisaza,Centro De Contacto,07:00:00,12:25:00,09:15:00
08/01/2026,raycastillero,Centro De Contacto,07:00:00,12:25:00,09:15:00
08/01/2026,cacollado,Centro De Contacto,07:00:00,12:25:00,09:15:00
08/01/2026,meljaramillo,Centro De Contacto,07:00:00,12:25:00,09:15:00
08/01/2026,vplicett,Centro De Contacto,07:00:00,12:25:00,09:15:00
08/01/2026,danitbatista,Vacaciones,07:00:00,12:25:00,09:15:00
08/01/2026,yarmunoz,Centro De Contacto,07:00:00,12:25:00,09:15:00
08/01/2026,siolivares,Centro De Contacto,07:00:00,12:25:00,09:15:00
08/01/2026,xaviles,Centro De Contacto,07:00:00,12:25:00,09:15:00
08/01/2026,inggomez,Centro De Contacto,07:00:00,12:25:00,09:15:00
08/01/2026,Bramirez,Centro De Contacto,07:00:00,12:25:00,09:15:00
08/01/2026,yamilgonzalez,Centro De Contacto,09:00:00,13:00:00,10:30:00
08/01/2026,conavarro,Centro De Contacto,09:00:00,13:00:00,10:30:00
08/01/2026,Gcoronado,Centro De Contacto,09:00:00,13:00:00,10:30:00
08/01/2026,dmolino,Vacaciones,09:00:00,13:00:00,10:30:00
08/01/2026,yetienne,Centro De Contacto,09:00:00,13:00:00,10:30:00
08/01/2026,Nlondono,Centro De Contacto,09:00:00,13:00:00,10:30:00
08/01/2026,rossantamaria,Centro De Contacto,09:00:00,13:00:00,10:30:00
08/01/2026,tpolo,Centro De Contacto,09:00:00,13:00:00,10:30:00
08/01/2026,novilla,Centro De Contacto,09:00:00,13:00:00,10:30:00
08/01/2026,lmartinez,Centro De Contacto,09:00:00,13:00:00,10:30:00
08/01/2026,celirodriguez,Vacaciones,09:00:00,13:10:00,10:05:00
08/01/2026,mlorenzo,Vacaciones,09:00:00,13:10:00,10:05:00
08/01/2026,luiquijada,Centro De Contacto,09:00:00,13:10:00,10:05:00
08/01/2026,kdurango,Centro De Contacto,09:00:00,13:10:00,10:05:00
08/01/2026,jbrugiatti,Centro De Contacto,09:00:00,13:10:00,10:05:00
08/01/2026,Eshernandez,Centro De Contacto,09:00:00,13:10:00,10:25:00
08/01/2026,mnoval,Centro De Contacto,09:00:00,13:10:00,10:25:00
08/01/2026,jballis,Centro De Contacto,09:00:00,13:10:00,10:25:00
08/01/2026,gorodriguez,Centro De Contacto,09:00:00,13:10:00,10:25:00
08/01/2026,mereyes,Centro De Contacto,09:00:00,13:10:00,10:25:00
08/01/2026,dancedeno,Vacaciones,06:00:00,12:00:00,08:00:00
08/01/2026,ypineda,Centro De Contacto,06:00:00,11:00:00,07:15:00
08/01/2026,yacastro,Centro De Contacto,06:00:00,11:00:00,07:30:00
08/01/2026,rolaguilar,Centro De Contacto,06:00:00,11:45:00,07:00:00
08/01/2026,ariasanchez,Vacaciones,06:00:00,11:45:00,08:15:00
08/01/2026,kbennett,Centro De Contacto,09:00:00,13:00:00,10:30:00
08/01/2026,locerrud,Centro De Contacto,09:00:00,13:00:00,10:30:00
08/01/2026,avelez,Centro De Contacto,09:00:00,13:00:00,10:45:00
08/01/2026,cacedeno,Licencia,09:00:00,13:00:00,10:45:00
08/01/2026,maryherrera,Centro De Contacto,09:00:00,13:00:00,11:00:00
12/01/2026,Zestrada,Centro De Contacto,06:00:00,11:00:00,07:45:00
12/01/2026,aigraell,Centro De Contacto,06:00:00,11:00:00,07:45:00
12/01/2026,gman,Centro De Contacto,06:00:00,11:00:00,07:45:00
12/01/2026,genemoreno,Centro De Contacto,06:00:00,11:00:00,07:45:00
12/01/2026,lilmoreno,Vacaciones,06:00:00,11:00:00,07:45:00
12/01/2026,Yavallejos,Centro De Contacto,06:00:00,11:00:00,07:45:00
12/01/2026,gaflores,Centro De Contacto,06:00:00,11:00:00,07:45:00
12/01/2026,ivnunez,Centro De Contacto,06:00:00,11:00:00,07:45:00
12/01/2026,Melmartinez,Centro De Contacto,06:00:00,11:00:00,07:45:00
12/01/2026,glchanis,Centro De Contacto,06:00:00,11:00:00,07:45:00
12/01/2026,irisgomez,Licencia,06:00:00,11:00:00,07:45:00
12/01/2026,lizisaza,Centro De Contacto,06:00:00,11:35:00,08:05:00
12/01/2026,raycastillero,Centro De Contacto,06:00:00,11:35:00,08:05:00
12/01/2026,cacollado,Centro De Contacto,06:00:00,11:35:00,08:05:00
12/01/2026,meljaramillo,Centro De Contacto,06:00:00,11:35:00,08:05:00
12/01/2026,vplicett,Centro De Contacto,06:00:00,11:35:00,08:05:00
12/01/2026,danitbatista,Vacaciones,06:00:00,11:35:00,08:05:00
12/01/2026,yarmunoz,Centro De Contacto,06:00:00,11:35:00,08:05:00
12/01/2026,siolivares,Centro De Contacto,06:00:00,11:35:00,08:05:00
12/01/2026,xaviles,Centro De Contacto,06:00:00,11:35:00,08:05:00
12/01/2026,inggomez,Centro De Contacto,06:00:00,11:35:00,08:05:00
12/01/2026,Bramirez,Centro De Contacto,06:00:00,11:35:00,08:05:00
12/01/2026,yamilgonzalez,Centro De Contacto,06:00:00,11:45:00,08:25:00
12/01/2026,conavarro,Centro De Contacto,06:00:00,11:45:00,08:25:00
12/01/2026,Gcoronado,Centro De Contacto,06:00:00,11:45:00,08:25:00
12/01/2026,dmolino,Vacaciones,06:00:00,11:45:00,08:25:00
12/01/2026,yetienne,Centro De Contacto,06:00:00,11:45:00,08:25:00
12/01/2026,Nlondono,Centro De Contacto,06:00:00,11:45:00,08:25:00
12/01/2026,rossantamaria,Centro De Contacto,06:00:00,11:45:00,08:25:00
12/01/2026,tpolo,Centro De Contacto,06:00:00,11:45:00,08:25:00
12/01/2026,novilla,Centro De Contacto,06:00:00,11:45:00,08:25:00
12/01/2026,lmartinez,Centro De Contacto,06:00:00,11:45:00,08:25:00
12/01/2026,noregonzalez,Centro De Contacto,07:00:00,12:25:00,09:15:00
12/01/2026,kdominguez,Centro De Contacto,07:00:00,12:25:00,09:15:00
12/01/2026,Cvillaverde,Centro De Contacto,07:00:00,12:25:00,09:15:00
12/01/2026,Jearrocha,Traslado,07:00:00,12:25:00,09:15:00
12/01/2026,Jpile,Centro De Contacto,07:00:00,12:25:00,09:15:00
12/01/2026,erphillips,Centro De Contacto,07:00:00,12:25:00,09:15:00
12/01/2026,rmontero,Centro De Contacto,07:00:00,12:25:00,09:15:00
12/01/2026,vimoran,Centro De Contacto,07:00:00,12:25:00,09:15:00
12/01/2026,vedelacruz,Centro De Contacto,07:00:00,12:25:00,09:15:00
12/01/2026,Jingonzalez,Centro De Contacto,07:00:00,12:25:00,09:15:00
12/01/2026,scoke,Centro De Contacto,07:00:00,12:25:00,09:15:00
12/01/2026,Yulrodriguez,Centro De Contacto,09:00:00,13:00:00,10:30:00
12/01/2026,lijuarez,Centro De Contacto,09:00:00,13:00:00,10:30:00
12/01/2026,sarrodriguez,Centro De Contacto,09:00:00,13:00:00,10:30:00
12/01/2026,gisssanchez,Centro De Contacto,09:00:00,13:00:00,10:30:00
12/01/2026,Rubmorales,Vacaciones,09:00:00,13:00:00,10:30:00
12/01/2026,ensandoval,Centro De Contacto,09:00:00,13:00:00,10:30:00
12/01/2026,Ztrejos,Centro De Contacto,09:00:00,13:00:00,10:30:00
12/01/2026,girgonzalez,Centro De Contacto,09:00:00,13:00:00,10:30:00
12/01/2026,arenteria,Centro De Contacto,09:00:00,13:00:00,10:30:00
12/01/2026,julcorrea,Incapacidad Extendida,09:00:00,13:00:00,10:30:00
12/01/2026,celirodriguez,Vacaciones,09:00:00,13:10:00,10:05:00
12/01/2026,mlorenzo,Vacaciones,09:00:00,13:10:00,10:05:00
12/01/2026,luiquijada,Centro De Contacto,09:00:00,13:10:00,10:05:00
12/01/2026,kdurango,Centro De Contacto,09:00:00,13:10:00,10:05:00
12/01/2026,jbrugiatti,Centro De Contacto,09:00:00,13:10:00,10:05:00
12/01/2026,Eshernandez,Centro De Contacto,09:00:00,13:10:00,10:25:00
12/01/2026,mnoval,Centro De Contacto,09:00:00,13:10:00,10:25:00
12/01/2026,jballis,Centro De Contacto,09:00:00,13:10:00,10:25:00
12/01/2026,gorodriguez,Centro De Contacto,09:00:00,13:10:00,10:25:00
12/01/2026,mereyes,Centro De Contacto,09:00:00,13:10:00,10:25:00
12/01/2026,dancedeno,Vacaciones,06:00:00,12:00:00,08:00:00
12/01/2026,kbennett,Centro De Contacto,06:00:00,11:00:00,07:15:00
12/01/2026,yacastro,Centro De Contacto,06:00:00,11:00:00,07:30:00
12/01/2026,locerrud,Centro De Contacto,06:00:00,11:45:00,07:00:00
12/01/2026,ariasanchez,Vacaciones,06:00:00,11:45:00,08:15:00
12/01/2026,avelez,Centro De Contacto,06:00:00,11:00:00,07:30:00
12/01/2026,rolaguilar,Centro De Contacto,09:00:00,13:00:00,10:30:00
12/01/2026,ypineda,Centro De Contacto,09:00:00,13:00:00,10:45:00
12/01/2026,cacedeno,Centro De Contacto,09:00:00,13:00:00,10:45:00
12/01/2026,maryherrera,Centro De Contacto,09:00:00,13:00:00,11:00:00
13/01/2026,Zestrada,Centro De Contacto,06:00:00,11:00:00,07:45:00
13/01/2026,aigraell,Centro De Contacto,06:00:00,11:00:00,07:45:00
13/01/2026,gman,Centro De Contacto,06:00:00,11:00:00,07:45:00
13/01/2026,genemoreno,Centro De Contacto,06:00:00,11:00:00,07:45:00
13/01/2026,lilmoreno,Vacaciones,06:00:00,11:00:00,07:45:00
13/01/2026,Yavallejos,Centro De Contacto,06:00:00,11:00:00,07:45:00
13/01/2026,gaflores,Centro De Contacto,06:00:00,11:00:00,07:45:00
13/01/2026,ivnunez,Centro De Contacto,06:00:00,11:00:00,07:45:00
13/01/2026,Melmartinez,Centro De Contacto,06:00:00,11:00:00,07:45:00
13/01/2026,glchanis,Centro De Contacto,06:00:00,11:00:00,07:45:00
13/01/2026,irisgomez,Licencia,06:00:00,11:00:00,07:45:00
13/01/2026,lizisaza,Centro De Contacto,06:00:00,11:35:00,08:05:00
13/01/2026,raycastillero,Centro De Contacto,06:00:00,11:35:00,08:05:00
13/01/2026,cacollado,Centro De Contacto,06:00:00,11:35:00,08:05:00
13/01/2026,meljaramillo,Centro De Contacto,06:00:00,11:35:00,08:05:00
13/01/2026,vplicett,Centro De Contacto,06:00:00,11:35:00,08:05:00
13/01/2026,danitbatista,Vacaciones,06:00:00,11:35:00,08:05:00
13/01/2026,yarmunoz,Centro De Contacto,06:00:00,11:35:00,08:05:00
13/01/2026,siolivares,Centro De Contacto,06:00:00,11:35:00,08:05:00
13/01/2026,xaviles,Centro De Contacto,06:00:00,11:35:00,08:05:00
13/01/2026,inggomez,Centro De Contacto,06:00:00,11:35:00,08:05:00
13/01/2026,Bramirez,Centro De Contacto,06:00:00,11:35:00,08:05:00
13/01/2026,yamilgonzalez,Centro De Contacto,06:00:00,11:45:00,08:25:00
13/01/2026,conavarro,Centro De Contacto,06:00:00,11:45:00,08:25:00
13/01/2026,Gcoronado,Centro De Contacto,06:00:00,11:45:00,08:25:00
13/01/2026,dmolino,Vacaciones,06:00:00,11:45:00,08:25:00
13/01/2026,yetienne,Centro De Contacto,06:00:00,11:45:00,08:25:00
13/01/2026,Nlondono,Centro De Contacto,06:00:00,11:45:00,08:25:00
13/01/2026,rossantamaria,Centro De Contacto,06:00:00,11:45:00,08:25:00
13/01/2026,tpolo,Centro De Contacto,06:00:00,11:45:00,08:25:00
13/01/2026,novilla,Centro De Contacto,06:00:00,11:45:00,08:25:00
13/01/2026,lmartinez,Centro De Contacto,06:00:00,11:45:00,08:25:00
13/01/2026,noregonzalez,Centro De Contacto,07:00:00,12:25:00,09:15:00
13/01/2026,kdominguez,Centro De Contacto,07:00:00,12:25:00,09:15:00
13/01/2026,Cvillaverde,Centro De Contacto,07:00:00,12:25:00,09:15:00
13/01/2026,Jearrocha,Traslado,07:00:00,12:25:00,09:15:00
13/01/2026,Jpile,Centro De Contacto,07:00:00,12:25:00,09:15:00
13/01/2026,erphillips,Centro De Contacto,07:00:00,12:25:00,09:15:00
13/01/2026,rmontero,Centro De Contacto,07:00:00,12:25:00,09:15:00
13/01/2026,vimoran,Centro De Contacto,07:00:00,12:25:00,09:15:00
13/01/2026,vedelacruz,Centro De Contacto,07:00:00,12:25:00,09:15:00
13/01/2026,Jingonzalez,Centro De Contacto,07:00:00,12:25:00,09:15:00
13/01/2026,scoke,Centro De Contacto,07:00:00,12:25:00,09:15:00
13/01/2026,Yulrodriguez,Centro De Contacto,09:00:00,13:00:00,10:30:00
13/01/2026,lijuarez,Centro De Contacto,09:00:00,13:00:00,10:30:00
13/01/2026,sarrodriguez,Centro De Contacto,09:00:00,13:00:00,10:30:00
13/01/2026,gisssanchez,Centro De Contacto,09:00:00,13:00:00,10:30:00
13/01/2026,Rubmorales,Vacaciones,09:00:00,13:00:00,10:30:00
13/01/2026,ensandoval,Centro De Contacto,09:00:00,13:00:00,10:30:00
13/01/2026,Ztrejos,Centro De Contacto,09:00:00,13:00:00,10:30:00
13/01/2026,girgonzalez,Centro De Contacto,09:00:00,13:00:00,10:30:00
13/01/2026,arenteria,Centro De Contacto,09:00:00,13:00:00,10:30:00
13/01/2026,julcorrea,Incapacidad Extendida,09:00:00,13:00:00,10:30:00
13/01/2026,celirodriguez,Vacaciones,09:00:00,13:10:00,10:05:00
13/01/2026,mlorenzo,Vacaciones,09:00:00,13:10:00,10:05:00
13/01/2026,luiquijada,Centro De Contacto,09:00:00,13:10:00,10:05:00
13/01/2026,kdurango,Centro De Contacto,09:00:00,13:10:00,10:05:00
13/01/2026,jbrugiatti,Centro De Contacto,09:00:00,13:10:00,10:05:00
13/01/2026,Eshernandez,Centro De Contacto,09:00:00,13:10:00,10:25:00
13/01/2026,mnoval,Centro De Contacto,09:00:00,13:10:00,10:25:00
13/01/2026,jballis,Centro De Contacto,09:00:00,13:10:00,10:25:00
13/01/2026,gorodriguez,Centro De Contacto,09:00:00,13:10:00,10:25:00
13/01/2026,mereyes,Centro De Contacto,09:00:00,13:10:00,10:25:00
13/01/2026,dancedeno,Vacaciones,06:00:00,12:00:00,08:00:00
13/01/2026,kbennett,Centro De Contacto,06:00:00,11:00:00,07:15:00
13/01/2026,yacastro,Centro De Contacto,06:00:00,11:00:00,07:30:00
13/01/2026,locerrud,Centro De Contacto,06:00:00,11:45:00,07:00:00
13/01/2026,ariasanchez,Vacaciones,06:00:00,11:45:00,08:15:00
13/01/2026,avelez,Centro De Contacto,06:00:00,11:00:00,07:30:00
13/01/2026,rolaguilar,Centro De Contacto,09:00:00,13:00:00,10:30:00
13/01/2026,ypineda,Centro De Contacto,09:00:00,13:00:00,10:45:00
13/01/2026,cacedeno,Centro De Contacto,09:00:00,13:00:00,10:45:00
13/01/2026,maryherrera,Centro De Contacto,09:00:00,13:00:00,11:00:00
14/01/2026,Zestrada,Centro De Contacto,06:00:00,11:00:00,07:45:00
14/01/2026,aigraell,Centro De Contacto,06:00:00,11:00:00,07:45:00
14/01/2026,gman,Centro De Contacto,06:00:00,11:00:00,07:45:00
14/01/2026,genemoreno,Centro De Contacto,06:00:00,11:00:00,07:45:00
14/01/2026,lilmoreno,Vacaciones,06:00:00,11:00:00,07:45:00
14/01/2026,Yavallejos,Centro De Contacto,06:00:00,11:00:00,07:45:00
14/01/2026,gaflores,Centro De Contacto,06:00:00,11:00:00,07:45:00
14/01/2026,ivnunez,Centro De Contacto,06:00:00,11:00:00,07:45:00
14/01/2026,Melmartinez,Centro De Contacto,06:00:00,11:00:00,07:45:00
14/01/2026,glchanis,Centro De Contacto,06:00:00,11:00:00,07:45:00
14/01/2026,irisgomez,Licencia,06:00:00,11:00:00,07:45:00
14/01/2026,lizisaza,Centro De Contacto,06:00:00,11:35:00,08:05:00
14/01/2026,raycastillero,Centro De Contacto,06:00:00,11:35:00,08:05:00
14/01/2026,cacollado,Centro De Contacto,06:00:00,11:35:00,08:05:00
14/01/2026,meljaramillo,Centro De Contacto,06:00:00,11:35:00,08:05:00
14/01/2026,vplicett,Centro De Contacto,06:00:00,11:35:00,08:05:00
14/01/2026,danitbatista,Vacaciones,06:00:00,11:35:00,08:05:00
14/01/2026,yarmunoz,Centro De Contacto,06:00:00,11:35:00,08:05:00
14/01/2026,siolivares,Centro De Contacto,06:00:00,11:35:00,08:05:00
14/01/2026,xaviles,Centro De Contacto,06:00:00,11:35:00,08:05:00
14/01/2026,inggomez,Centro De Contacto,06:00:00,11:35:00,08:05:00
14/01/2026,Bramirez,Centro De Contacto,06:00:00,11:35:00,08:05:00
14/01/2026,yamilgonzalez,Centro De Contacto,06:00:00,11:45:00,08:25:00
14/01/2026,conavarro,Centro De Contacto,06:00:00,11:45:00,08:25:00
14/01/2026,Gcoronado,Centro De Contacto,06:00:00,11:45:00,08:25:00
14/01/2026,dmolino,Vacaciones,06:00:00,11:45:00,08:25:00
14/01/2026,yetienne,Centro De Contacto,06:00:00,11:45:00,08:25:00
14/01/2026,Nlondono,Centro De Contacto,06:00:00,11:45:00,08:25:00
14/01/2026,rossantamaria,Centro De Contacto,06:00:00,11:45:00,08:25:00
14/01/2026,tpolo,Centro De Contacto,06:00:00,11:45:00,08:25:00
14/01/2026,novilla,Centro De Contacto,06:00:00,11:45:00,08:25:00
14/01/2026,lmartinez,Centro De Contacto,06:00:00,11:45:00,08:25:00
14/01/2026,noregonzalez,Centro De Contacto,07:00:00,12:25:00,09:15:00
14/01/2026,kdominguez,Centro De Contacto,07:00:00,12:25:00,09:15:00
14/01/2026,Cvillaverde,Centro De Contacto,07:00:00,12:25:00,09:15:00
14/01/2026,Jearrocha,Traslado,07:00:00,12:25:00,09:15:00
14/01/2026,Jpile,Centro De Contacto,07:00:00,12:25:00,09:15:00
14/01/2026,erphillips,Centro De Contacto,07:00:00,12:25:00,09:15:00
14/01/2026,rmontero,Centro De Contacto,07:00:00,12:25:00,09:15:00
14/01/2026,vimoran,Centro De Contacto,07:00:00,12:25:00,09:15:00
14/01/2026,vedelacruz,Centro De Contacto,07:00:00,12:25:00,09:15:00
14/01/2026,Jingonzalez,Centro De Contacto,07:00:00,12:25:00,09:15:00
14/01/2026,scoke,Centro De Contacto,07:00:00,12:25:00,09:15:00
14/01/2026,Yulrodriguez,Centro De Contacto,09:00:00,13:00:00,10:30:00
14/01/2026,lijuarez,Centro De Contacto,09:00:00,13:00:00,10:30:00
14/01/2026,sarrodriguez,Centro De Contacto,09:00:00,13:00:00,10:30:00
14/01/2026,gisssanchez,Centro De Contacto,09:00:00,13:00:00,10:30:00
14/01/2026,Rubmorales,Vacaciones,09:00:00,13:00:00,10:30:00
14/01/2026,ensandoval,Centro De Contacto,09:00:00,13:00:00,10:30:00
14/01/2026,Ztrejos,Centro De Contacto,09:00:00,13:00:00,10:30:00
14/01/2026,girgonzalez,Centro De Contacto,09:00:00,13:00:00,10:30:00
14/01/2026,arenteria,Centro De Contacto,09:00:00,13:00:00,10:30:00
14/01/2026,julcorrea,Incapacidad Extendida,09:00:00,13:00:00,10:30:00
14/01/2026,celirodriguez,Vacaciones,09:00:00,13:10:00,10:05:00
14/01/2026,mlorenzo,Vacaciones,09:00:00,13:10:00,10:05:00
14/01/2026,luiquijada,Centro De Contacto,09:00:00,13:10:00,10:05:00
14/01/2026,kdurango,Centro De Contacto,09:00:00,13:10:00,10:05:00
14/01/2026,jbrugiatti,Centro De Contacto,09:00:00,13:10:00,10:05:00
14/01/2026,Eshernandez,Centro De Contacto,09:00:00,13:10:00,10:25:00
14/01/2026,mnoval,Centro De Contacto,09:00:00,13:10:00,10:25:00
14/01/2026,jballis,Centro De Contacto,09:00:00,13:10:00,10:25:00
14/01/2026,gorodriguez,Centro De Contacto,09:00:00,13:10:00,10:25:00
14/01/2026,mereyes,Centro De Contacto,09:00:00,13:10:00,10:25:00
14/01/2026,dancedeno,Vacaciones,06:00:00,12:00:00,08:00:00
14/01/2026,kbennett,Centro De Contacto,06:00:00,11:00:00,07:15:00
14/01/2026,yacastro,Centro De Contacto,06:00:00,11:00:00,07:30:00
14/01/2026,locerrud,Centro De Contacto,06:00:00,11:45:00,07:00:00
14/01/2026,ariasanchez,Centro De Contacto,06:00:00,11:45:00,08:15:00
14/01/2026,avelez,Centro De Contacto,06:00:00,11:00:00,07:30:00
14/01/2026,rolaguilar,Centro De Contacto,09:00:00,13:00:00,10:30:00
14/01/2026,ypineda,Centro De Contacto,09:00:00,13:00:00,10:45:00
14/01/2026,cacedeno,Centro De Contacto,09:00:00,13:00:00,10:45:00
14/01/2026,maryherrera,Centro De Contacto,09:00:00,13:00:00,11:00:00
15/01/2026,Zestrada,Centro De Contacto,6:00:00,11:00:00,7:45:00
15/01/2026,aigraell,Centro De Contacto,6:00:00,11:00:00,7:45:00
15/01/2026,gman,Centro De Contacto,6:00:00,11:00:00,7:45:00
15/01/2026,genemoreno,Centro De Contacto,6:00:00,11:00:00,7:45:00
15/01/2026,lilmoreno,Vacaciones,6:00:00,11:00:00,7:45:00
15/01/2026,Yavallejos,Centro De Contacto,6:00:00,11:00:00,7:45:00
15/01/2026,gaflores,Centro De Contacto,6:00:00,11:00:00,7:45:00
15/01/2026,ivnunez,Centro De Contacto,6:00:00,11:00:00,7:45:00
15/01/2026,Melmartinez,Centro De Contacto,6:00:00,11:00:00,7:45:00
15/01/2026,glchanis,Centro De Contacto,6:00:00,11:00:00,7:45:00
15/01/2026,irisgomez,Licencia,6:00:00,11:00:00,7:45:00
15/01/2026,lizisaza,Centro De Contacto,6:00:00,11:35:00,8:05:00
15/01/2026,raycastillero,Centro De Contacto,6:00:00,11:35:00,8:05:00
15/01/2026,cacollado,Centro De Contacto,6:00:00,11:35:00,8:05:00
15/01/2026,meljaramillo,Centro De Contacto,6:00:00,11:35:00,8:05:00
15/01/2026,vplicett,Centro De Contacto,6:00:00,11:35:00,8:05:00
15/01/2026,danitbatista,Vacaciones,6:00:00,11:35:00,8:05:00
15/01/2026,yarmunoz,Centro De Contacto,6:00:00,11:35:00,8:05:00
15/01/2026,siolivares,Centro De Contacto,6:00:00,11:35:00,8:05:00
15/01/2026,xaviles,Centro De Contacto,6:00:00,11:35:00,8:05:00
15/01/2026,inggomez,Centro De Contacto,6:00:00,11:35:00,8:05:00
15/01/2026,Bramirez,Centro De Contacto,6:00:00,11:35:00,8:05:00
15/01/2026,yamilgonzalez,Centro De Contacto,6:00:00,11:45:00,8:25:00
15/01/2026,conavarro,Centro De Contacto,6:00:00,11:45:00,8:25:00
15/01/2026,Gcoronado,Centro De Contacto,6:00:00,11:45:00,8:25:00
15/01/2026,dmolino,Vacaciones,6:00:00,11:45:00,8:25:00
15/01/2026,yetienne,Centro De Contacto,6:00:00,11:45:00,8:25:00
15/01/2026,Nlondono,Centro De Contacto,6:00:00,11:45:00,8:25:00
15/01/2026,rossantamaria,Centro De Contacto,6:00:00,11:45:00,8:25:00
15/01/2026,tpolo,Centro De Contacto,6:00:00,11:45:00,8:25:00
15/01/2026,novilla,Centro De Contacto,6:00:00,11:45:00,8:25:00
15/01/2026,lmartinez,Centro De Contacto,6:00:00,11:45:00,8:25:00
15/01/2026,noregonzalez,Centro De Contacto,7:00:00,12:25:00,9:15:00
15/01/2026,kdominguez,Centro De Contacto,7:00:00,12:25:00,9:15:00
15/01/2026,Cvillaverde,Centro De Contacto,7:00:00,12:25:00,9:15:00
15/01/2026,Jearrocha,Traslado,7:00:00,12:25:00,9:15:00
15/01/2026,Jpile,Centro De Contacto,7:00:00,12:25:00,9:15:00
15/01/2026,erphillips,Centro De Contacto,7:00:00,12:25:00,9:15:00
15/01/2026,rmontero,Centro De Contacto,7:00:00,12:25:00,9:15:00
15/01/2026,vimoran,Centro De Contacto,7:00:00,12:25:00,9:15:00
15/01/2026,vedelacruz,Centro De Contacto,7:00:00,12:25:00,9:15:00
15/01/2026,Jingonzalez,Centro De Contacto,7:00:00,12:25:00,9:15:00
15/01/2026,scoke,Centro De Contacto,7:00:00,12:25:00,9:15:00
15/01/2026,Yulrodriguez,Centro De Contacto,9:00:00,13:00:00,10:30:00
15/01/2026,lijuarez,Centro De Contacto,9:00:00,13:00:00,10:30:00
15/01/2026,sarrodriguez,Centro De Contacto,9:00:00,13:00:00,10:30:00
15/01/2026,gisssanchez,Centro De Contacto,9:00:00,13:00:00,10:30:00
15/01/2026,Rubmorales,Vacaciones,9:00:00,13:00:00,10:30:00
15/01/2026,ensandoval,Centro De Contacto,9:00:00,13:00:00,10:30:00
15/01/2026,Ztrejos,Centro De Contacto,9:00:00,13:00:00,10:30:00
15/01/2026,girgonzalez,Centro De Contacto,9:00:00,13:00:00,10:30:00
15/01/2026,arenteria,Centro De Contacto,9:00:00,13:00:00,10:30:00
15/01/2026,julcorrea,Incapacidad Extendida,9:00:00,13:00:00,10:30:00
15/01/2026,celirodriguez,Vacaciones,9:00:00,13:10:00,10:05:00
15/01/2026,mlorenzo,Vacaciones,9:00:00,13:10:00,10:05:00
15/01/2026,luiquijada,Centro De Contacto,9:00:00,13:10:00,10:05:00
15/01/2026,kdurango,Centro De Contacto,9:00:00,13:10:00,10:05:00
15/01/2026,jbrugiatti,Centro De Contacto,9:00:00,13:10:00,10:05:00
15/01/2026,Eshernandez,Centro De Contacto,9:00:00,13:10:00,10:25:00
15/01/2026,mnoval,Centro De Contacto,9:00:00,13:10:00,10:25:00
15/01/2026,jballis,Centro De Contacto,9:00:00,13:10:00,10:25:00
15/01/2026,gorodriguez,Centro De Contacto,9:00:00,13:10:00,10:25:00
15/01/2026,mereyes,Centro De Contacto,9:00:00,13:10:00,10:25:00
15/01/2026,dancedeno,Vacaciones,6:00:00,12:00:00,8:00:00
15/01/2026,kbennett,Centro De Contacto,6:00:00,11:00:00,7:15:00
15/01/2026,yacastro,Centro De Contacto,6:00:00,11:00:00,7:30:00
15/01/2026,locerrud,Centro De Contacto,6:00:00,11:45:00,7:00:00
15/01/2026,ariasanchez,Centro De Contacto,6:00:00,11:45:00,8:15:00
15/01/2026,avelez,Centro De Contacto,6:00:00,11:00:00,7:30:00
15/01/2026,rolaguilar,Centro De Contacto,9:00:00,13:00:00,10:30:00
15/01/2026,ypineda,Centro De Contacto,9:00:00,13:00:00,10:45:00
15/01/2026,cacedeno,Centro De Contacto,9:00:00,13:00:00,10:45:00
15/01/2026,maryherrera,Centro De Contacto,9:00:00,13:00:00,11:00:00
16/01/2026,Zestrada,Centro De Contacto,6:00:00,11:00:00,7:45:00
16/01/2026,aigraell,Centro De Contacto,6:00:00,11:00:00,7:45:00
16/01/2026,gman,Centro De Contacto,6:00:00,11:00:00,7:45:00
16/01/2026,genemoreno,Centro De Contacto,6:00:00,11:00:00,7:45:00
16/01/2026,lilmoreno,Vacaciones,6:00:00,11:00:00,7:45:00
16/01/2026,Yavallejos,Centro De Contacto,6:00:00,11:00:00,7:45:00
16/01/2026,gaflores,Centro De Contacto,6:00:00,11:00:00,7:45:00
16/01/2026,ivnunez,Centro De Contacto,6:00:00,11:00:00,7:45:00
16/01/2026,Melmartinez,Centro De Contacto,6:00:00,11:00:00,7:45:00
16/01/2026,glchanis,Centro De Contacto,6:00:00,11:00:00,7:45:00
16/01/2026,irisgomez,Licencia,6:00:00,11:00:00,7:45:00
16/01/2026,lizisaza,Centro De Contacto,6:00:00,11:35:00,8:05:00
16/01/2026,raycastillero,Centro De Contacto,6:00:00,11:35:00,8:05:00
16/01/2026,cacollado,Centro De Contacto,6:00:00,11:35:00,8:05:00
16/01/2026,meljaramillo,Centro De Contacto,6:00:00,11:35:00,8:05:00
16/01/2026,vplicett,Centro De Contacto,6:00:00,11:35:00,8:05:00
16/01/2026,danitbatista,Vacaciones,6:00:00,11:35:00,8:05:00
16/01/2026,yarmunoz,Centro De Contacto,6:00:00,11:35:00,8:05:00
16/01/2026,siolivares,Centro De Contacto,6:00:00,11:35:00,8:05:00
16/01/2026,xaviles,Centro De Contacto,6:00:00,11:35:00,8:05:00
16/01/2026,inggomez,Centro De Contacto,6:00:00,11:35:00,8:05:00
16/01/2026,Bramirez,Centro De Contacto,6:00:00,11:35:00,8:05:00
16/01/2026,yamilgonzalez,Centro De Contacto,6:00:00,11:45:00,8:25:00
16/01/2026,conavarro,Centro De Contacto,6:00:00,11:45:00,8:25:00
16/01/2026,Gcoronado,Centro De Contacto,6:00:00,11:45:00,8:25:00
16/01/2026,dmolino,Vacaciones,6:00:00,11:45:00,8:25:00
16/01/2026,yetienne,Centro De Contacto,6:00:00,11:45:00,8:25:00
16/01/2026,Nlondono,Centro De Contacto,6:00:00,11:45:00,8:25:00
16/01/2026,rossantamaria,Centro De Contacto,6:00:00,11:45:00,8:25:00
16/01/2026,tpolo,Centro De Contacto,6:00:00,11:45:00,8:25:00
16/01/2026,novilla,Centro De Contacto,6:00:00,11:45:00,8:25:00
16/01/2026,lmartinez,Centro De Contacto,6:00:00,11:45:00,8:25:00
16/01/2026,noregonzalez,Centro De Contacto,7:00:00,12:25:00,9:15:00
16/01/2026,kdominguez,Centro De Contacto,7:00:00,12:25:00,9:15:00
16/01/2026,Cvillaverde,Centro De Contacto,7:00:00,12:25:00,9:15:00
16/01/2026,Jearrocha,Traslado,7:00:00,12:25:00,9:15:00
16/01/2026,Jpile,Centro De Contacto,7:00:00,12:25:00,9:15:00
16/01/2026,erphillips,Centro De Contacto,7:00:00,12:25:00,9:15:00
16/01/2026,rmontero,Centro De Contacto,7:00:00,12:25:00,9:15:00
16/01/2026,vimoran,Centro De Contacto,7:00:00,12:25:00,9:15:00
16/01/2026,vedelacruz,Centro De Contacto,7:00:00,12:25:00,9:15:00
16/01/2026,Jingonzalez,Centro De Contacto,7:00:00,12:25:00,9:15:00
16/01/2026,scoke,Centro De Contacto,7:00:00,12:25:00,9:15:00
16/01/2026,Yulrodriguez,Centro De Contacto,9:00:00,13:00:00,10:30:00
16/01/2026,lijuarez,Centro De Contacto,9:00:00,13:00:00,10:30:00
16/01/2026,sarrodriguez,Centro De Contacto,9:00:00,13:00:00,10:30:00
16/01/2026,gisssanchez,Centro De Contacto,9:00:00,13:00:00,10:30:00
16/01/2026,Rubmorales,Vacaciones,9:00:00,13:00:00,10:30:00
16/01/2026,ensandoval,Centro De Contacto,9:00:00,13:00:00,10:30:00
16/01/2026,Ztrejos,Centro De Contacto,9:00:00,13:00:00,10:30:00
16/01/2026,girgonzalez,Centro De Contacto,9:00:00,13:00:00,10:30:00
16/01/2026,arenteria,Centro De Contacto,9:00:00,13:00:00,10:30:00
16/01/2026,julcorrea,Incapacidad Extendida,9:00:00,13:00:00,10:30:00
16/01/2026,celirodriguez,Vacaciones,9:00:00,13:10:00,10:05:00
16/01/2026,mlorenzo,Vacaciones,9:00:00,13:10:00,10:05:00
16/01/2026,luiquijada,Centro De Contacto,9:00:00,13:10:00,10:05:00
16/01/2026,kdurango,Centro De Contacto,9:00:00,13:10:00,10:05:00
16/01/2026,jbrugiatti,Centro De Contacto,9:00:00,13:10:00,10:05:00
16/01/2026,Eshernandez,Centro De Contacto,9:00:00,13:10:00,10:25:00
16/01/2026,mnoval,Centro De Contacto,9:00:00,13:10:00,10:25:00
16/01/2026,jballis,Centro De Contacto,9:00:00,13:10:00,10:25:00
16/01/2026,gorodriguez,Centro De Contacto,9:00:00,13:10:00,10:25:00
16/01/2026,mereyes,Centro De Contacto,9:00:00,13:10:00,10:25:00
16/01/2026,dancedeno,Vacaciones,6:00:00,12:00:00,8:00:00
16/01/2026,kbennett,Centro De Contacto,6:00:00,11:00:00,7:15:00
16/01/2026,yacastro,Centro De Contacto,6:00:00,11:00:00,7:30:00
16/01/2026,locerrud,Centro De Contacto,6:00:00,11:45:00,7:00:00
16/01/2026,ariasanchez,Centro De Contacto,6:00:00,11:45:00,8:15:00
16/01/2026,avelez,Centro De Contacto,6:00:00,11:00:00,7:30:00
16/01/2026,rolaguilar,Centro De Contacto,9:00:00,13:00:00,10:30:00
16/01/2026,ypineda,Centro De Contacto,9:00:00,13:00:00,10:45:00
16/01/2026,cacedeno,Centro De Contacto,9:00:00,13:00:00,10:45:00
16/01/2026,maryherrera,Centro De Contacto,9:00:00,13:00:00,11:00:00
19/01/2026,noregonzalez,Centro De Contacto,06:00:00,11:00:00,07:45:00
19/01/2026,kdominguez,Centro De Contacto,06:00:00,11:00:00,07:45:00
19/01/2026,Cvillaverde,Centro De Contacto,06:00:00,11:00:00,07:45:00
19/01/2026,Jpile,Centro De Contacto,06:00:00,11:00:00,07:45:00
19/01/2026,erphillips,Centro De Contacto,06:00:00,11:00:00,07:45:00
19/01/2026,rmontero,Centro De Contacto,06:00:00,11:00:00,07:45:00
19/01/2026,vimoran,Centro De Contacto,06:00:00,11:00:00,07:45:00
19/01/2026,vedelacruz,Centro De Contacto,06:00:00,11:00:00,07:45:00
19/01/2026,Jingonzalez,Centro De Contacto,09:00:00,13:10:00,10:25:00
19/01/2026,scoke,Centro De Contacto,06:00:00,11:00:00,07:45:00
19/01/2026,Yulrodriguez,Centro De Contacto,06:00:00,11:35:00,08:05:00
19/01/2026,lijuarez,Centro De Contacto,06:00:00,11:35:00,08:05:00
19/01/2026,sarrodriguez,Centro De Contacto,06:00:00,11:35:00,08:05:00
19/01/2026,gisssanchez,Centro De Contacto,06:00:00,11:35:00,08:05:00
19/01/2026,Rubmorales,Vacaciones,06:00:00,11:35:00,08:05:00
19/01/2026,ensandoval,Centro De Contacto,06:00:00,11:35:00,08:05:00
19/01/2026,Ztrejos,Centro De Contacto,06:00:00,11:35:00,08:05:00
19/01/2026,girgonzalez,Centro De Contacto,06:00:00,11:35:00,08:05:00
19/01/2026,arenteria,Centro De Contacto,06:00:00,11:35:00,08:05:00
19/01/2026,julcorrea,Incapacidad Extendida,06:00:00,11:35:00,08:05:00
19/01/2026,celirodriguez,Vacaciones,06:00:00,11:45:00,08:25:00
19/01/2026,mlorenzo,Vacaciones,06:00:00,11:45:00,08:25:00
19/01/2026,luiquijada,Centro De Contacto,06:00:00,11:45:00,08:25:00
19/01/2026,kdurango,Centro De Contacto,06:00:00,11:45:00,08:25:00
19/01/2026,jbrugiatti,Centro De Contacto,06:00:00,11:45:00,08:25:00
19/01/2026,Eshernandez,Centro De Contacto,06:00:00,11:45:00,08:25:00
19/01/2026,mnoval,Centro De Contacto,06:00:00,11:45:00,08:25:00
19/01/2026,jballis,Centro De Contacto,06:00:00,11:45:00,08:25:00
19/01/2026,gorodriguez,Centro De Contacto,06:00:00,11:45:00,08:25:00
19/01/2026,mereyes,Centro De Contacto,06:00:00,11:45:00,08:25:00
19/01/2026,yamilgonzalez,Centro De Contacto,07:00:00,12:25:00,09:15:00
19/01/2026,conavarro,Centro De Contacto,07:00:00,12:25:00,09:15:00
19/01/2026,Gcoronado,Centro De Contacto,07:00:00,12:25:00,09:15:00
19/01/2026,dmolino,Vacaciones,07:00:00,12:25:00,09:15:00
19/01/2026,yetienne,Centro De Contacto,07:00:00,12:25:00,09:15:00
19/01/2026,Nlondono,Centro De Contacto,07:00:00,12:25:00,09:15:00
19/01/2026,rossantamaria,Centro De Contacto,07:00:00,12:25:00,09:15:00
19/01/2026,tpolo,Centro De Contacto,07:00:00,12:25:00,09:15:00
19/01/2026,novilla,Centro De Contacto,07:00:00,12:25:00,09:15:00
19/01/2026,lmartinez,Centro De Contacto,07:00:00,12:25:00,09:15:00
19/01/2026,Zestrada,Centro De Contacto,09:00:00,13:00:00,10:30:00
19/01/2026,aigraell,Centro De Contacto,09:00:00,13:00:00,10:30:00
19/01/2026,gman,Centro De Contacto,09:00:00,13:00:00,10:30:00
19/01/2026,genemoreno,Centro De Contacto,09:00:00,13:00:00,10:30:00
19/01/2026,lilmoreno,Vacaciones,09:00:00,13:00:00,10:30:00
19/01/2026,Yavallejos,Centro De Contacto,09:00:00,13:00:00,10:30:00
19/01/2026,gaflores,Centro De Contacto,09:00:00,13:00:00,10:30:00
19/01/2026,ivnunez,Centro De Contacto,09:00:00,13:00:00,10:30:00
19/01/2026,Melmartinez,Centro De Contacto,09:00:00,13:00:00,10:30:00
19/01/2026,glchanis,Centro De Contacto,09:00:00,13:00:00,10:30:00
19/01/2026,irisgomez,Licencia,09:00:00,13:00:00,10:30:00
19/01/2026,lizisaza,Centro De Contacto,09:00:00,13:10:00,10:05:00
19/01/2026,raycastillero,Centro De Contacto,09:00:00,13:10:00,10:05:00
19/01/2026,cacollado,Centro De Contacto,09:00:00,13:10:00,10:05:00
19/01/2026,meljaramillo,Centro De Contacto,09:00:00,13:10:00,10:05:00
19/01/2026,vplicett,Centro De Contacto,09:00:00,13:10:00,10:05:00
19/01/2026,danitbatista,Vacaciones,09:00:00,13:10:00,10:05:00
19/01/2026,yarmunoz,Centro De Contacto,09:00:00,13:10:00,10:25:00
19/01/2026,siolivares,Centro De Contacto,09:00:00,13:10:00,10:25:00
19/01/2026,xaviles,Centro De Contacto,09:00:00,13:10:00,10:25:00
19/01/2026,inggomez,Centro De Contacto,06:00:00,11:00:00,07:45:00
19/01/2026,Bramirez,Centro De Contacto,09:00:00,13:10:00,10:25:00
19/01/2026,dancedeno,Vacaciones,06:00:00,12:00:00,08:00:00
19/01/2026,rolaguilar,Centro De Contacto,06:00:00,11:00:00,07:15:00
19/01/2026,locerrud,Centro De Contacto,06:00:00,11:00:00,07:30:00
19/01/2026,ariasanchez,Centro De Contacto,06:00:00,11:45:00,07:00:00
19/01/2026,ypineda,Centro De Contacto,06:00:00,11:45:00,08:15:00
19/01/2026,avelez,Centro De Contacto,06:00:00,11:00:00,07:30:00
19/01/2026,kbennett,Centro De Contacto,09:00:00,13:00:00,10:30:00
19/01/2026,yacastro,Centro De Contacto,09:00:00,13:00:00,10:45:00
19/01/2026,cacedeno,Centro De Contacto,09:00:00,13:00:00,10:45:00
19/01/2026,maryherrera,Centro De Contacto,09:00:00,13:00:00,11:00:00
20/01/2026,noregonzalez,Centro De Contacto,06:00:00,11:00:00,07:45:00
20/01/2026,kdominguez,Centro De Contacto,06:00:00,11:00:00,07:45:00
20/01/2026,Cvillaverde,Centro De Contacto,06:00:00,11:00:00,07:45:00
20/01/2026,Jpile,Centro De Contacto,06:00:00,11:00:00,07:45:00
20/01/2026,erphillips,Centro De Contacto,06:00:00,11:00:00,07:45:00
20/01/2026,rmontero,Centro De Contacto,06:00:00,11:00:00,07:45:00
20/01/2026,vimoran,Centro De Contacto,06:00:00,11:00:00,07:45:00
20/01/2026,vedelacruz,Centro De Contacto,06:00:00,11:00:00,07:45:00
20/01/2026,Jingonzalez,Centro De Contacto,09:00:00,13:10:00,10:25:00
20/01/2026,scoke,Centro De Contacto,06:00:00,11:00:00,07:45:00
20/01/2026,Yulrodriguez,Centro De Contacto,06:00:00,11:35:00,08:05:00
20/01/2026,lijuarez,Centro De Contacto,06:00:00,11:35:00,08:05:00
20/01/2026,sarrodriguez,Centro De Contacto,06:00:00,11:35:00,08:05:00
20/01/2026,gisssanchez,Centro De Contacto,06:00:00,11:35:00,08:05:00
20/01/2026,Rubmorales,Vacaciones,06:00:00,11:35:00,08:05:00
20/01/2026,ensandoval,Centro De Contacto,06:00:00,11:35:00,08:05:00
20/01/2026,Ztrejos,Centro De Contacto,06:00:00,11:35:00,08:05:00
20/01/2026,girgonzalez,Centro De Contacto,06:00:00,11:35:00,08:05:00
20/01/2026,arenteria,Centro De Contacto,06:00:00,11:35:00,08:05:00
20/01/2026,julcorrea,Incapacidad Extendida,06:00:00,11:35:00,08:05:00
20/01/2026,celirodriguez,Vacaciones,06:00:00,11:45:00,08:25:00
20/01/2026,mlorenzo,Vacaciones,06:00:00,11:45:00,08:25:00
20/01/2026,luiquijada,Centro De Contacto,06:00:00,11:45:00,08:25:00
20/01/2026,kdurango,Centro De Contacto,06:00:00,11:45:00,08:25:00
20/01/2026,jbrugiatti,Centro De Contacto,06:00:00,11:45:00,08:25:00
20/01/2026,Eshernandez,Centro De Contacto,06:00:00,11:45:00,08:25:00
20/01/2026,mnoval,Centro De Contacto,06:00:00,11:45:00,08:25:00
20/01/2026,jballis,Centro De Contacto,06:00:00,11:45:00,08:25:00
20/01/2026,gorodriguez,Centro De Contacto,06:00:00,11:45:00,08:25:00
20/01/2026,mereyes,Centro De Contacto,06:00:00,11:45:00,08:25:00
20/01/2026,yamilgonzalez,Centro De Contacto,07:00:00,12:25:00,09:15:00
20/01/2026,conavarro,Centro De Contacto,07:00:00,12:25:00,09:15:00
20/01/2026,Gcoronado,Centro De Contacto,07:00:00,12:25:00,09:15:00
20/01/2026,dmolino,Vacaciones,07:00:00,12:25:00,09:15:00
20/01/2026,yetienne,Centro De Contacto,07:00:00,12:25:00,09:15:00
20/01/2026,Nlondono,Centro De Contacto,07:00:00,12:25:00,09:15:00
20/01/2026,rossantamaria,Centro De Contacto,07:00:00,12:25:00,09:15:00
20/01/2026,tpolo,Centro De Contacto,07:00:00,12:25:00,09:15:00
20/01/2026,novilla,Centro De Contacto,07:00:00,12:25:00,09:15:00
20/01/2026,lmartinez,Centro De Contacto,07:00:00,12:25:00,09:15:00
20/01/2026,Zestrada,Centro De Contacto,09:00:00,13:00:00,10:30:00
20/01/2026,aigraell,Centro De Contacto,09:00:00,13:00:00,10:30:00
20/01/2026,gman,Centro De Contacto,09:00:00,13:00:00,10:30:00
20/01/2026,genemoreno,Centro De Contacto,09:00:00,13:00:00,10:30:00
20/01/2026,lilmoreno,Vacaciones,09:00:00,13:00:00,10:30:00
20/01/2026,Yavallejos,Centro De Contacto,09:00:00,13:00:00,10:30:00
20/01/2026,gaflores,Centro De Contacto,09:00:00,13:00:00,10:30:00
20/01/2026,ivnunez,Centro De Contacto,09:00:00,13:00:00,10:30:00
20/01/2026,Melmartinez,Centro De Contacto,09:00:00,13:00:00,10:30:00
20/01/2026,glchanis,Centro De Contacto,09:00:00,13:00:00,10:30:00
20/01/2026,irisgomez,Licencia,09:00:00,13:00:00,10:30:00
20/01/2026,lizisaza,Centro De Contacto,09:00:00,13:10:00,10:05:00
20/01/2026,raycastillero,Centro De Contacto,09:00:00,13:10:00,10:05:00
20/01/2026,cacollado,Centro De Contacto,09:00:00,13:10:00,10:05:00
20/01/2026,meljaramillo,Centro De Contacto,09:00:00,13:10:00,10:05:00
20/01/2026,vplicett,Centro De Contacto,09:00:00,13:10:00,10:05:00
20/01/2026,danitbatista,Vacaciones,09:00:00,13:10:00,10:05:00
20/01/2026,yarmunoz,Centro De Contacto,09:00:00,13:10:00,10:25:00
20/01/2026,siolivares,Centro De Contacto,09:00:00,13:10:00,10:25:00
20/01/2026,xaviles,Centro De Contacto,09:00:00,13:10:00,10:25:00
20/01/2026,inggomez,Centro De Contacto,06:00:00,11:00:00,07:45:00
20/01/2026,Bramirez,Centro De Contacto,09:00:00,13:10:00,10:25:00
20/01/2026,dancedeno,Vacaciones,06:00:00,12:00:00,08:00:00
20/01/2026,rolaguilar,Centro De Contacto,06:00:00,11:00:00,07:15:00
20/01/2026,locerrud,Centro De Contacto,06:00:00,11:00:00,07:30:00
20/01/2026,ariasanchez,Centro De Contacto,06:00:00,11:45:00,07:00:00
20/01/2026,ypineda,Centro De Contacto,06:00:00,11:45:00,08:15:00
20/01/2026,avelez,Centro De Contacto,06:00:00,11:00:00,07:30:00
20/01/2026,kbennett,Centro De Contacto,09:00:00,13:00:00,10:30:00
20/01/2026,yacastro,Centro De Contacto,09:00:00,13:00:00,10:45:00
20/01/2026,cacedeno,Centro De Contacto,09:00:00,13:00:00,10:45:00
20/01/2026,maryherrera,Centro De Contacto,09:00:00,13:00:00,11:00:00
21/01/2026,noregonzalez,Centro De Contacto,6:00:00,11:00:00,7:45:00
21/01/2026,kdominguez,Centro De Contacto,6:00:00,11:00:00,7:45:00
21/01/2026,Cvillaverde,Centro De Contacto,6:00:00,11:00:00,7:45:00
21/01/2026,Jpile,Centro De Contacto,6:00:00,11:00:00,7:45:00
21/01/2026,erphillips,Centro De Contacto,6:00:00,11:00:00,7:45:00
21/01/2026,rmontero,Centro De Contacto,6:00:00,11:00:00,7:45:00
21/01/2026,vimoran,Centro De Contacto,6:00:00,11:00:00,7:45:00
21/01/2026,vedelacruz,Centro De Contacto,6:00:00,11:00:00,7:45:00
21/01/2026,Jingonzalez,Centro De Contacto,9:00:00,13:10:00,10:25:00
21/01/2026,scoke,Centro De Contacto,6:00:00,11:00:00,7:45:00
21/01/2026,Yulrodriguez,Centro De Contacto,6:00:00,11:35:00,8:05:00
21/01/2026,lijuarez,Centro De Contacto,6:00:00,11:35:00,8:05:00
21/01/2026,sarrodriguez,Centro De Contacto,6:00:00,11:35:00,8:05:00
21/01/2026,gisssanchez,Centro De Contacto,6:00:00,11:35:00,8:05:00
21/01/2026,Rubmorales,Vacaciones,6:00:00,11:35:00,8:05:00
21/01/2026,ensandoval,Centro De Contacto,6:00:00,11:35:00,8:05:00
21/01/2026,Ztrejos,Centro De Contacto,6:00:00,11:35:00,8:05:00
21/01/2026,girgonzalez,Centro De Contacto,6:00:00,11:35:00,8:05:00
21/01/2026,arenteria,Centro De Contacto,6:00:00,11:35:00,8:05:00
21/01/2026,julcorrea,Incapacidad Extendida,6:00:00,11:35:00,8:05:00
21/01/2026,celirodriguez,Vacaciones,6:00:00,11:45:00,8:25:00
21/01/2026,mlorenzo,Vacaciones,6:00:00,11:45:00,8:25:00
21/01/2026,luiquijada,Centro De Contacto,6:00:00,11:45:00,8:25:00
21/01/2026,kdurango,Centro De Contacto,6:00:00,11:45:00,8:25:00
21/01/2026,jbrugiatti,Centro De Contacto,6:00:00,11:45:00,8:25:00
21/01/2026,Eshernandez,Centro De Contacto,6:00:00,11:45:00,8:25:00
21/01/2026,mnoval,Centro De Contacto,6:00:00,11:45:00,8:25:00
21/01/2026,jballis,Centro De Contacto,6:00:00,11:45:00,8:25:00
21/01/2026,gorodriguez,Centro De Contacto,6:00:00,11:45:00,8:25:00
21/01/2026,mereyes,Centro De Contacto,6:00:00,11:45:00,8:25:00
21/01/2026,yamilgonzalez,Centro De Contacto,7:00:00,12:25:00,9:15:00
21/01/2026,conavarro,Centro De Contacto,7:00:00,12:25:00,9:15:00
21/01/2026,Gcoronado,Centro De Contacto,7:00:00,12:25:00,9:15:00
21/01/2026,dmolino,Vacaciones,7:00:00,12:25:00,9:15:00
21/01/2026,yetienne,Centro De Contacto,7:00:00,12:25:00,9:15:00
21/01/2026,Nlondono,Centro De Contacto,7:00:00,12:25:00,9:15:00
21/01/2026,rossantamaria,Centro De Contacto,7:00:00,12:25:00,9:15:00
21/01/2026,tpolo,Centro De Contacto,7:00:00,12:25:00,9:15:00
21/01/2026,novilla,Centro De Contacto,7:00:00,12:25:00,9:15:00
21/01/2026,lmartinez,Centro De Contacto,7:00:00,12:25:00,9:15:00
21/01/2026,Zestrada,Centro De Contacto,9:00:00,13:00:00,10:30:00
21/01/2026,aigraell,Centro De Contacto,9:00:00,13:00:00,10:30:00
21/01/2026,gman,Centro De Contacto,9:00:00,13:00:00,10:30:00
21/01/2026,genemoreno,Centro De Contacto,9:00:00,13:00:00,10:30:00
21/01/2026,lilmoreno,Vacaciones,9:00:00,13:00:00,10:30:00
21/01/2026,Yavallejos,Centro De Contacto,9:00:00,13:00:00,10:30:00
21/01/2026,gaflores,Centro De Contacto,9:00:00,13:00:00,10:30:00
21/01/2026,ivnunez,Centro De Contacto,9:00:00,13:00:00,10:30:00
21/01/2026,Melmartinez,Centro De Contacto,9:00:00,13:00:00,10:30:00
21/01/2026,glchanis,Centro De Contacto,9:00:00,13:00:00,10:30:00
21/01/2026,irisgomez,Licencia,9:00:00,13:00:00,10:30:00
21/01/2026,lizisaza,Centro De Contacto,9:00:00,13:10:00,10:05:00
21/01/2026,raycastillero,Centro De Contacto,9:00:00,13:10:00,10:05:00
21/01/2026,cacollado,Centro De Contacto,9:00:00,13:10:00,10:05:00
21/01/2026,meljaramillo,Centro De Contacto,9:00:00,13:10:00,10:05:00
21/01/2026,vplicett,Centro De Contacto,9:00:00,13:10:00,10:05:00
21/01/2026,danitbatista,Vacaciones,9:00:00,13:10:00,10:05:00
21/01/2026,yarmunoz,Centro De Contacto,9:00:00,13:10:00,10:25:00
21/01/2026,siolivares,Centro De Contacto,9:00:00,13:10:00,10:25:00
21/01/2026,xaviles,Centro De Contacto,9:00:00,13:10:00,10:25:00
21/01/2026,inggomez,Centro De Contacto,6:00:00,11:00:00,7:45:00
21/01/2026,Bramirez,Centro De Contacto,9:00:00,13:10:00,10:25:00
21/01/2026,dancedeno,Vacaciones,6:00:00,12:00:00,8:00:00
21/01/2026,rolaguilar,Centro De Contacto,6:00:00,11:00:00,7:15:00
21/01/2026,locerrud,Centro De Contacto,6:00:00,11:00:00,7:30:00
21/01/2026,ariasanchez,Centro De Contacto,6:00:00,11:45:00,7:00:00
21/01/2026,ypineda,Centro De Contacto,6:00:00,11:45:00,8:15:00
21/01/2026,avelez,Centro De Contacto,6:00:00,11:00:00,7:30:00
21/01/2026,kbennett,Centro De Contacto,9:00:00,13:00:00,10:30:00
21/01/2026,yacastro,Centro De Contacto,9:00:00,13:00:00,10:45:00
21/01/2026,cacedeno,Centro De Contacto,9:00:00,13:00:00,10:45:00
21/01/2026,maryherrera,Centro De Contacto,9:00:00,13:00:00,11:00:00
22/01/2026,noregonzalez,Centro De Contacto,6:00:00,11:00:00,7:45:00
22/01/2026,kdominguez,Centro De Contacto,6:00:00,11:00:00,7:45:00
22/01/2026,Cvillaverde,Centro De Contacto,6:00:00,11:00:00,7:45:00
22/01/2026,Jpile,Centro De Contacto,6:00:00,11:00:00,7:45:00
22/01/2026,erphillips,Centro De Contacto,6:00:00,11:00:00,7:45:00
22/01/2026,rmontero,Centro De Contacto,6:00:00,11:00:00,7:45:00
22/01/2026,vimoran,Centro De Contacto,6:00:00,11:00:00,7:45:00
22/01/2026,vedelacruz,Centro De Contacto,6:00:00,11:00:00,7:45:00
22/01/2026,Jingonzalez,Centro De Contacto,9:00:00,13:10:00,10:25:00
22/01/2026,scoke,Centro De Contacto,6:00:00,11:00:00,7:45:00
22/01/2026,Yulrodriguez,Centro De Contacto,6:00:00,11:35:00,8:05:00
22/01/2026,lijuarez,Centro De Contacto,6:00:00,11:35:00,8:05:00
22/01/2026,sarrodriguez,Centro De Contacto,6:00:00,11:35:00,8:05:00
22/01/2026,gisssanchez,Centro De Contacto,6:00:00,11:35:00,8:05:00
22/01/2026,Rubmorales,Vacaciones,6:00:00,11:35:00,8:05:00
22/01/2026,ensandoval,Centro De Contacto,6:00:00,11:35:00,8:05:00
22/01/2026,Ztrejos,Centro De Contacto,6:00:00,11:35:00,8:05:00
22/01/2026,girgonzalez,Centro De Contacto,6:00:00,11:35:00,8:05:00
22/01/2026,arenteria,Centro De Contacto,6:00:00,11:35:00,8:05:00
22/01/2026,julcorrea,Incapacidad Extendida,6:00:00,11:35:00,8:05:00
22/01/2026,celirodriguez,Vacaciones,6:00:00,11:45:00,8:25:00
22/01/2026,mlorenzo,Vacaciones,6:00:00,11:45:00,8:25:00
22/01/2026,luiquijada,Centro De Contacto,6:00:00,11:45:00,8:25:00
22/01/2026,kdurango,Centro De Contacto,6:00:00,11:45:00,8:25:00
22/01/2026,jbrugiatti,Centro De Contacto,6:00:00,11:45:00,8:25:00
22/01/2026,Eshernandez,Centro De Contacto,6:00:00,11:45:00,8:25:00
22/01/2026,mnoval,Centro De Contacto,6:00:00,11:45:00,8:25:00
22/01/2026,jballis,Centro De Contacto,6:00:00,11:45:00,8:25:00
22/01/2026,gorodriguez,Centro De Contacto,6:00:00,11:45:00,8:25:00
22/01/2026,mereyes,Centro De Contacto,6:00:00,11:45:00,8:25:00
22/01/2026,yamilgonzalez,Centro De Contacto,7:00:00,12:25:00,9:15:00
22/01/2026,conavarro,Centro De Contacto,7:00:00,12:25:00,9:15:00
22/01/2026,Gcoronado,Centro De Contacto,7:00:00,12:25:00,9:15:00
22/01/2026,dmolino,Vacaciones,7:00:00,12:25:00,9:15:00
22/01/2026,yetienne,Centro De Contacto,7:00:00,12:25:00,9:15:00
22/01/2026,Nlondono,Centro De Contacto,7:00:00,12:25:00,9:15:00
22/01/2026,rossantamaria,Centro De Contacto,7:00:00,12:25:00,9:15:00
22/01/2026,tpolo,Centro De Contacto,7:00:00,12:25:00,9:15:00
22/01/2026,novilla,Centro De Contacto,7:00:00,12:25:00,9:15:00
22/01/2026,lmartinez,Centro De Contacto,7:00:00,12:25:00,9:15:00
22/01/2026,Zestrada,Centro De Contacto,9:00:00,13:00:00,10:30:00
22/01/2026,aigraell,Centro De Contacto,9:00:00,13:00:00,10:30:00
22/01/2026,gman,Centro De Contacto,9:00:00,13:00:00,10:30:00
22/01/2026,genemoreno,Centro De Contacto,9:00:00,13:00:00,10:30:00
22/01/2026,lilmoreno,Vacaciones,9:00:00,13:00:00,10:30:00
22/01/2026,Yavallejos,Centro De Contacto,9:00:00,13:00:00,10:30:00
22/01/2026,gaflores,Centro De Contacto,9:00:00,13:00:00,10:30:00
22/01/2026,ivnunez,Centro De Contacto,9:00:00,13:00:00,10:30:00
22/01/2026,Melmartinez,Centro De Contacto,9:00:00,13:00:00,10:30:00
22/01/2026,glchanis,Centro De Contacto,9:00:00,13:00:00,10:30:00
22/01/2026,irisgomez,Licencia,9:00:00,13:00:00,10:30:00
22/01/2026,lizisaza,Centro De Contacto,9:00:00,13:10:00,10:05:00
22/01/2026,raycastillero,Centro De Contacto,9:00:00,13:10:00,10:05:00
22/01/2026,cacollado,Centro De Contacto,9:00:00,13:10:00,10:05:00
22/01/2026,meljaramillo,Centro De Contacto,9:00:00,13:10:00,10:05:00
22/01/2026,vplicett,Centro De Contacto,9:00:00,13:10:00,10:05:00
22/01/2026,danitbatista,Vacaciones,9:00:00,13:10:00,10:05:00
22/01/2026,yarmunoz,Centro De Contacto,9:00:00,13:10:00,10:25:00
22/01/2026,siolivares,Centro De Contacto,9:00:00,13:10:00,10:25:00
22/01/2026,xaviles,Centro De Contacto,9:00:00,13:10:00,10:25:00
22/01/2026,inggomez,Centro De Contacto,6:00:00,11:00:00,7:45:00
22/01/2026,Bramirez,Centro De Contacto,9:00:00,13:10:00,10:25:00
22/01/2026,dancedeno,Vacaciones,6:00:00,12:00:00,8:00:00
22/01/2026,rolaguilar,Centro De Contacto,6:00:00,11:00:00,7:15:00
22/01/2026,locerrud,Centro De Contacto,6:00:00,11:00:00,7:30:00
22/01/2026,ariasanchez,Centro De Contacto,6:00:00,11:45:00,7:00:00
22/01/2026,ypineda,Centro De Contacto,6:00:00,11:45:00,8:15:00
22/01/2026,avelez,Centro De Contacto,6:00:00,11:00:00,7:30:00
22/01/2026,kbennett,Centro De Contacto,9:00:00,13:00:00,10:30:00
22/01/2026,yacastro,Centro De Contacto,9:00:00,13:00:00,10:45:00
22/01/2026,cacedeno,Centro De Contacto,9:00:00,13:00:00,10:45:00
22/01/2026,maryherrera,Centro De Contacto,9:00:00,13:00:00,11:00:00
23/01/2026,noregonzalez,Centro De Contacto,6:00:00,11:00:00,7:45:00
23/01/2026,kdominguez,Centro De Contacto,6:00:00,11:00:00,7:45:00
23/01/2026,Cvillaverde,Centro De Contacto,6:00:00,11:00:00,7:45:00
23/01/2026,Jpile,Centro De Contacto,6:00:00,11:00:00,7:45:00
23/01/2026,erphillips,Centro De Contacto,6:00:00,11:00:00,7:45:00
23/01/2026,rmontero,Centro De Contacto,6:00:00,11:00:00,7:45:00
23/01/2026,vimoran,Centro De Contacto,6:00:00,11:00:00,7:45:00
23/01/2026,vedelacruz,Centro De Contacto,6:00:00,11:00:00,7:45:00
23/01/2026,Jingonzalez,Centro De Contacto,9:00:00,13:10:00,10:25:00
23/01/2026,scoke,Centro De Contacto,6:00:00,11:00:00,7:45:00
23/01/2026,Yulrodriguez,Centro De Contacto,6:00:00,11:35:00,8:05:00
23/01/2026,lijuarez,Centro De Contacto,6:00:00,11:35:00,8:05:00
23/01/2026,sarrodriguez,Centro De Contacto,6:00:00,11:35:00,8:05:00
23/01/2026,gisssanchez,Centro De Contacto,6:00:00,11:35:00,8:05:00
23/01/2026,Rubmorales,Vacaciones,6:00:00,11:35:00,8:05:00
23/01/2026,ensandoval,Centro De Contacto,6:00:00,11:35:00,8:05:00
23/01/2026,Ztrejos,Centro De Contacto,6:00:00,11:35:00,8:05:00
23/01/2026,girgonzalez,Centro De Contacto,6:00:00,11:35:00,8:05:00
23/01/2026,arenteria,Centro De Contacto,6:00:00,11:35:00,8:05:00
23/01/2026,julcorrea,Incapacidad Extendida,6:00:00,11:35:00,8:05:00
23/01/2026,celirodriguez,Vacaciones,6:00:00,11:45:00,8:25:00
23/01/2026,mlorenzo,Vacaciones,6:00:00,11:45:00,8:25:00
23/01/2026,luiquijada,Centro De Contacto,6:00:00,11:45:00,8:25:00
23/01/2026,kdurango,Centro De Contacto,6:00:00,11:45:00,8:25:00
23/01/2026,jbrugiatti,Centro De Contacto,6:00:00,11:45:00,8:25:00
23/01/2026,Eshernandez,Centro De Contacto,6:00:00,11:45:00,8:25:00
23/01/2026,mnoval,Centro De Contacto,6:00:00,11:45:00,8:25:00
23/01/2026,jballis,Centro De Contacto,6:00:00,11:45:00,8:25:00
23/01/2026,gorodriguez,Centro De Contacto,6:00:00,11:45:00,8:25:00
23/01/2026,mereyes,Centro De Contacto,6:00:00,11:45:00,8:25:00
23/01/2026,yamilgonzalez,Centro De Contacto,7:00:00,12:25:00,9:15:00
23/01/2026,conavarro,Centro De Contacto,7:00:00,12:25:00,9:15:00
23/01/2026,Gcoronado,Centro De Contacto,7:00:00,12:25:00,9:15:00
23/01/2026,dmolino,Vacaciones,7:00:00,12:25:00,9:15:00
23/01/2026,yetienne,Centro De Contacto,7:00:00,12:25:00,9:15:00
23/01/2026,Nlondono,Centro De Contacto,7:00:00,12:25:00,9:15:00
23/01/2026,rossantamaria,Centro De Contacto,7:00:00,12:25:00,9:15:00
23/01/2026,tpolo,Centro De Contacto,7:00:00,12:25:00,9:15:00
23/01/2026,novilla,Centro De Contacto,7:00:00,12:25:00,9:15:00
23/01/2026,lmartinez,Centro De Contacto,7:00:00,12:25:00,9:15:00
23/01/2026,Zestrada,Centro De Contacto,9:00:00,13:00:00,10:30:00
23/01/2026,aigraell,Centro De Contacto,9:00:00,13:00:00,10:30:00
23/01/2026,gman,Centro De Contacto,9:00:00,13:00:00,10:30:00
23/01/2026,genemoreno,Centro De Contacto,9:00:00,13:00:00,10:30:00
23/01/2026,lilmoreno,Vacaciones,9:00:00,13:00:00,10:30:00
23/01/2026,Yavallejos,Centro De Contacto,9:00:00,13:00:00,10:30:00
23/01/2026,gaflores,Centro De Contacto,9:00:00,13:00:00,10:30:00
23/01/2026,ivnunez,Centro De Contacto,9:00:00,13:00:00,10:30:00
23/01/2026,Melmartinez,Centro De Contacto,9:00:00,13:00:00,10:30:00
23/01/2026,glchanis,Centro De Contacto,9:00:00,13:00:00,10:30:00
23/01/2026,irisgomez,Licencia,9:00:00,13:00:00,10:30:00
23/01/2026,lizisaza,Centro De Contacto,9:00:00,13:10:00,10:05:00
23/01/2026,raycastillero,Centro De Contacto,9:00:00,13:10:00,10:05:00
23/01/2026,cacollado,Centro De Contacto,9:00:00,13:10:00,10:05:00
23/01/2026,meljaramillo,Centro De Contacto,9:00:00,13:10:00,10:05:00
23/01/2026,vplicett,Centro De Contacto,9:00:00,13:10:00,10:05:00
23/01/2026,danitbatista,Vacaciones,9:00:00,13:10:00,10:05:00
23/01/2026,yarmunoz,Centro De Contacto,9:00:00,13:10:00,10:25:00
23/01/2026,siolivares,Centro De Contacto,9:00:00,13:10:00,10:25:00
23/01/2026,xaviles,Centro De Contacto,9:00:00,13:10:00,10:25:00
23/01/2026,inggomez,Centro De Contacto,6:00:00,11:00:00,7:45:00
23/01/2026,Bramirez,Centro De Contacto,9:00:00,13:10:00,10:25:00
23/01/2026,dancedeno,Vacaciones,6:00:00,12:00:00,8:00:00
23/01/2026,rolaguilar,Centro De Contacto,6:00:00,11:00:00,7:15:00
23/01/2026,locerrud,Centro De Contacto,6:00:00,11:00:00,7:30:00
23/01/2026,ariasanchez,Centro De Contacto,6:00:00,11:45:00,7:00:00
23/01/2026,ypineda,Centro De Contacto,6:00:00,11:45:00,8:15:00
23/01/2026,avelez,Centro De Contacto,6:00:00,11:00:00,7:30:00
23/01/2026,kbennett,Centro De Contacto,9:00:00,13:00:00,10:30:00
23/01/2026,yacastro,Centro De Contacto,9:00:00,13:00:00,10:45:00
23/01/2026,cacedeno,Centro De Contacto,9:00:00,13:00:00,10:45:00
23/01/2026,maryherrera,Centro De Contacto,9:00:00,13:00:00,11:00:00
26/01/2026,Zestrada,Centro De Contacto,6:00:00,11:00:00,7:45:00
26/01/2026,aigraell,Centro De Contacto,6:00:00,11:00:00,7:45:00
26/01/2026,gman,Centro De Contacto,6:00:00,11:00:00,7:45:00
26/01/2026,genemoreno,Centro De Contacto,6:00:00,11:00:00,7:45:00
26/01/2026,lilmoreno,Vacaciones,6:00:00,11:00:00,7:45:00
26/01/2026,Yavallejos,Centro De Contacto,6:00:00,11:00:00,7:45:00
26/01/2026,gaflores,Centro De Contacto,6:00:00,11:00:00,7:45:00
26/01/2026,ivnunez,Centro De Contacto,6:00:00,11:00:00,7:45:00
26/01/2026,Melmartinez,Centro De Contacto,6:00:00,11:00:00,7:45:00
26/01/2026,glchanis,Centro De Contacto,6:00:00,11:00:00,7:45:00
26/01/2026,irisgomez,Licencia,6:00:00,11:00:00,7:45:00
26/01/2026,lizisaza,Centro De Contacto,6:00:00,11:35:00,8:05:00
26/01/2026,raycastillero,Centro De Contacto,6:00:00,11:35:00,8:05:00
26/01/2026,cacollado,Centro De Contacto,6:00:00,11:35:00,8:05:00
26/01/2026,meljaramillo,Centro De Contacto,6:00:00,11:35:00,8:05:00
26/01/2026,vplicett,Centro De Contacto,6:00:00,11:35:00,8:05:00
26/01/2026,danitbatista,Vacaciones,6:00:00,11:35:00,8:05:00
26/01/2026,yarmunoz,Centro De Contacto,6:00:00,11:35:00,8:05:00
26/01/2026,siolivares,Centro De Contacto,6:00:00,11:35:00,8:05:00
26/01/2026,xaviles,Centro De Contacto,6:00:00,11:35:00,8:05:00
26/01/2026,inggomez,Centro De Contacto,6:00:00,11:35:00,8:05:00
26/01/2026,Bramirez,Centro De Contacto,6:00:00,11:35:00,8:05:00
26/01/2026,celirodriguez,Vacaciones,6:00:00,11:45:00,8:25:00
26/01/2026,mlorenzo,Vacaciones,6:00:00,11:45:00,8:25:00
26/01/2026,luiquijada,Centro De Contacto,6:00:00,11:45:00,8:25:00
26/01/2026,kdurango,Centro De Contacto,6:00:00,11:45:00,8:25:00
26/01/2026,jbrugiatti,Centro De Contacto,6:00:00,11:45:00,8:25:00
26/01/2026,Eshernandez,Centro De Contacto,6:00:00,11:45:00,8:25:00
26/01/2026,mnoval,Centro De Contacto,6:00:00,11:45:00,8:25:00
26/01/2026,jballis,Centro De Contacto,6:00:00,11:45:00,8:25:00
26/01/2026,gorodriguez,Centro De Contacto,6:00:00,11:45:00,8:25:00
26/01/2026,mereyes,Centro De Contacto,6:00:00,11:45:00,8:25:00
26/01/2026,Yulrodriguez,Centro De Contacto,7:00:00,12:25:00,9:15:00
26/01/2026,lijuarez,Centro De Contacto,7:00:00,12:25:00,9:15:00
26/01/2026,sarrodriguez,Centro De Contacto,7:00:00,12:25:00,9:15:00
26/01/2026,gisssanchez,Centro De Contacto,7:00:00,12:25:00,9:15:00
26/01/2026,Rubmorales,Vacaciones,7:00:00,12:25:00,9:15:00
26/01/2026,ensandoval,Centro De Contacto,7:00:00,12:25:00,9:15:00
26/01/2026,Ztrejos,Centro De Contacto,7:00:00,12:25:00,9:15:00
26/01/2026,girgonzalez,Centro De Contacto,7:00:00,12:25:00,9:15:00
26/01/2026,arenteria,Centro De Contacto,7:00:00,12:25:00,9:15:00
26/01/2026,julcorrea,Incapacidad Extendida,7:00:00,12:25:00,9:15:00
26/01/2026,noregonzalez,Centro De Contacto,9:00:00,13:00:00,10:30:00
26/01/2026,kdominguez,Centro De Contacto,9:00:00,13:00:00,10:30:00
26/01/2026,Cvillaverde,Centro De Contacto,9:00:00,13:00:00,10:30:00
26/01/2026,Jpile,Centro De Contacto,9:00:00,13:00:00,10:30:00
26/01/2026,erphillips,Centro De Contacto,9:00:00,13:00:00,10:30:00
26/01/2026,rmontero,Centro De Contacto,9:00:00,13:00:00,10:45:00
26/01/2026,vimoran,Centro De Contacto,9:00:00,13:00:00,10:45:00
26/01/2026,vedelacruz,Centro De Contacto,9:00:00,13:00:00,10:45:00
26/01/2026,Jingonzalez,Centro De Contacto,9:00:00,13:00:00,10:45:00
26/01/2026,scoke,Centro De Contacto,9:00:00,13:00:00,10:45:00
26/01/2026,yamilgonzalez,Centro De Contacto,9:00:00,13:10:00,10:05:00
26/01/2026,conavarro,Centro De Contacto,9:00:00,13:10:00,10:05:00
26/01/2026,Gcoronado,Centro De Contacto,9:00:00,13:10:00,10:05:00
26/01/2026,dmolino,Vacaciones,9:00:00,13:10:00,10:05:00
26/01/2026,yetienne,Centro De Contacto,9:00:00,13:10:00,10:05:00
26/01/2026,Nlondono,Centro De Contacto,9:00:00,13:10:00,10:25:00
26/01/2026,rossantamaria,Centro De Contacto,9:00:00,13:10:00,10:25:00
26/01/2026,tpolo,Centro De Contacto,9:00:00,13:10:00,10:25:00
26/01/2026,novilla,Centro De Contacto,9:00:00,13:10:00,10:25:00
26/01/2026,lmartinez,Centro De Contacto,9:00:00,13:10:00,10:25:00
26/01/2026,dancedeno,Vacaciones,6:00:00,12:00:00,8:00:00
26/01/2026,kbennett,Centro De Contacto,6:00:00,11:00:00,7:30:00
26/01/2026,yacastro,Centro De Contacto,6:00:00,11:45:00,7:00:00
26/01/2026,avelez,Centro De Contacto,6:00:00,11:45:00,8:15:00
26/01/2026,ariasanchez,Centro De Contacto,9:00:00,13:00:00,10:30:00
26/01/2026,locerrud,Centro De Contacto,9:00:00,13:00:00,10:30:00
26/01/2026,ypineda,Centro De Contacto,9:00:00,13:00:00,10:45:00
26/01/2026,cacedeno,Centro De Contacto,9:00:00,13:00:00,10:45:00
26/01/2026,maryherrera,Centro De Contacto,9:00:00,13:00:00,11:00:00
27/01/2026,Zestrada,Centro De Contacto,6:00:00,11:00:00,7:45:00
27/01/2026,aigraell,Centro De Contacto,6:00:00,11:00:00,7:45:00
27/01/2026,gman,Centro De Contacto,6:00:00,11:00:00,7:45:00
27/01/2026,genemoreno,Centro De Contacto,6:00:00,11:00:00,7:45:00
27/01/2026,lilmoreno,Vacaciones,6:00:00,11:00:00,7:45:00
27/01/2026,Yavallejos,Centro De Contacto,6:00:00,11:00:00,7:45:00
27/01/2026,gaflores,Centro De Contacto,6:00:00,11:00:00,7:45:00
27/01/2026,ivnunez,Centro De Contacto,6:00:00,11:00:00,7:45:00
27/01/2026,Melmartinez,Centro De Contacto,6:00:00,11:00:00,7:45:00
27/01/2026,glchanis,Centro De Contacto,6:00:00,11:00:00,7:45:00
27/01/2026,irisgomez,Licencia,6:00:00,11:00:00,7:45:00
27/01/2026,lizisaza,Centro De Contacto,6:00:00,11:35:00,8:05:00
27/01/2026,raycastillero,Centro De Contacto,6:00:00,11:35:00,8:05:00
27/01/2026,cacollado,Centro De Contacto,6:00:00,11:35:00,8:05:00
27/01/2026,meljaramillo,Centro De Contacto,6:00:00,11:35:00,8:05:00
27/01/2026,vplicett,Centro De Contacto,6:00:00,11:35:00,8:05:00
27/01/2026,danitbatista,Vacaciones,6:00:00,11:35:00,8:05:00
27/01/2026,yarmunoz,Centro De Contacto,6:00:00,11:35:00,8:05:00
27/01/2026,siolivares,Centro De Contacto,6:00:00,11:35:00,8:05:00
27/01/2026,xaviles,Centro De Contacto,6:00:00,11:35:00,8:05:00
27/01/2026,inggomez,Centro De Contacto,6:00:00,11:35:00,8:05:00
27/01/2026,Bramirez,Centro De Contacto,6:00:00,11:35:00,8:05:00
27/01/2026,celirodriguez,Vacaciones,6:00:00,11:45:00,8:25:00
27/01/2026,mlorenzo,Vacaciones,6:00:00,11:45:00,8:25:00
27/01/2026,luiquijada,Centro De Contacto,6:00:00,11:45:00,8:25:00
27/01/2026,kdurango,Centro De Contacto,6:00:00,11:45:00,8:25:00
27/01/2026,jbrugiatti,Centro De Contacto,6:00:00,11:45:00,8:25:00
27/01/2026,Eshernandez,Centro De Contacto,6:00:00,11:45:00,8:25:00
27/01/2026,mnoval,Centro De Contacto,6:00:00,11:45:00,8:25:00
27/01/2026,jballis,Centro De Contacto,6:00:00,11:45:00,8:25:00
27/01/2026,gorodriguez,Centro De Contacto,6:00:00,11:45:00,8:25:00
27/01/2026,mereyes,Centro De Contacto,6:00:00,11:45:00,8:25:00
27/01/2026,Yulrodriguez,Centro De Contacto,7:00:00,12:25:00,9:15:00
27/01/2026,lijuarez,Centro De Contacto,7:00:00,12:25:00,9:15:00
27/01/2026,sarrodriguez,Centro De Contacto,7:00:00,12:25:00,9:15:00
27/01/2026,gisssanchez,Centro De Contacto,7:00:00,12:25:00,9:15:00
27/01/2026,Rubmorales,Vacaciones,7:00:00,12:25:00,9:15:00
27/01/2026,ensandoval,Centro De Contacto,7:00:00,12:25:00,9:15:00
27/01/2026,Ztrejos,Centro De Contacto,7:00:00,12:25:00,9:15:00
27/01/2026,girgonzalez,Centro De Contacto,7:00:00,12:25:00,9:15:00
27/01/2026,arenteria,Centro De Contacto,7:00:00,12:25:00,9:15:00
27/01/2026,julcorrea,Incapacidad Extendida,7:00:00,12:25:00,9:15:00
27/01/2026,noregonzalez,Centro De Contacto,9:00:00,13:00:00,10:30:00
27/01/2026,kdominguez,Centro De Contacto,9:00:00,13:00:00,10:30:00
27/01/2026,Cvillaverde,Centro De Contacto,9:00:00,13:00:00,10:30:00
27/01/2026,Jpile,Centro De Contacto,9:00:00,13:00:00,10:30:00
27/01/2026,erphillips,Centro De Contacto,9:00:00,13:00:00,10:30:00
27/01/2026,rmontero,Centro De Contacto,9:00:00,13:00:00,10:45:00
27/01/2026,vimoran,Centro De Contacto,9:00:00,13:00:00,10:45:00
27/01/2026,vedelacruz,Centro De Contacto,9:00:00,13:00:00,10:45:00
27/01/2026,Jingonzalez,Centro De Contacto,9:00:00,13:00:00,10:45:00
27/01/2026,scoke,Centro De Contacto,9:00:00,13:00:00,10:45:00
27/01/2026,yamilgonzalez,Centro De Contacto,9:00:00,13:10:00,10:05:00
27/01/2026,conavarro,Centro De Contacto,9:00:00,13:10:00,10:05:00
27/01/2026,Gcoronado,Centro De Contacto,9:00:00,13:10:00,10:05:00
27/01/2026,dmolino,Vacaciones,9:00:00,13:10:00,10:05:00
27/01/2026,yetienne,Centro De Contacto,9:00:00,13:10:00,10:05:00
27/01/2026,Nlondono,Centro De Contacto,9:00:00,13:10:00,10:25:00
27/01/2026,rossantamaria,Centro De Contacto,9:00:00,13:10:00,10:25:00
27/01/2026,tpolo,Centro De Contacto,9:00:00,13:10:00,10:25:00
27/01/2026,novilla,Centro De Contacto,9:00:00,13:10:00,10:25:00
27/01/2026,lmartinez,Centro De Contacto,9:00:00,13:10:00,10:25:00
27/01/2026,dancedeno,Vacaciones,6:00:00,12:00:00,8:00:00
27/01/2026,kbennett,Centro De Contacto,6:00:00,11:00:00,7:30:00
27/01/2026,yacastro,Centro De Contacto,6:00:00,11:45:00,7:00:00
27/01/2026,avelez,Centro De Contacto,6:00:00,11:45:00,8:15:00
27/01/2026,ariasanchez,Centro De Contacto,9:00:00,13:00:00,10:30:00
27/01/2026,locerrud,Centro De Contacto,9:00:00,13:00:00,10:30:00
27/01/2026,ypineda,Centro De Contacto,9:00:00,13:00:00,10:45:00
27/01/2026,cacedeno,Centro De Contacto,9:00:00,13:00:00,10:45:00
27/01/2026,maryherrera,Centro De Contacto,9:00:00,13:00:00,11:00:00
28/01/2026,Zestrada,Centro De Contacto,6:00:00,11:00:00,7:45:00
28/01/2026,aigraell,Centro De Contacto,6:00:00,11:00:00,7:45:00
28/01/2026,gman,Centro De Contacto,6:00:00,11:00:00,7:45:00
28/01/2026,genemoreno,Centro De Contacto,6:00:00,11:00:00,7:45:00
28/01/2026,lilmoreno,Vacaciones,6:00:00,11:00:00,7:45:00
28/01/2026,Yavallejos,Centro De Contacto,6:00:00,11:00:00,7:45:00
28/01/2026,gaflores,Centro De Contacto,6:00:00,11:00:00,7:45:00
28/01/2026,ivnunez,Centro De Contacto,6:00:00,11:00:00,7:45:00
28/01/2026,Melmartinez,Centro De Contacto,6:00:00,11:00:00,7:45:00
28/01/2026,glchanis,Centro De Contacto,6:00:00,11:00:00,7:45:00
28/01/2026,irisgomez,Licencia,6:00:00,11:00:00,7:45:00
28/01/2026,lizisaza,Centro De Contacto,6:00:00,11:35:00,8:05:00
28/01/2026,raycastillero,Centro De Contacto,6:00:00,11:35:00,8:05:00
28/01/2026,cacollado,Centro De Contacto,6:00:00,11:35:00,8:05:00
28/01/2026,meljaramillo,Centro De Contacto,6:00:00,11:35:00,8:05:00
28/01/2026,vplicett,Centro De Contacto,6:00:00,11:35:00,8:05:00
28/01/2026,danitbatista,Vacaciones,6:00:00,11:35:00,8:05:00
28/01/2026,yarmunoz,Centro De Contacto,6:00:00,11:35:00,8:05:00
28/01/2026,siolivares,Centro De Contacto,6:00:00,11:35:00,8:05:00
28/01/2026,xaviles,Centro De Contacto,6:00:00,11:35:00,8:05:00
28/01/2026,inggomez,Centro De Contacto,6:00:00,11:35:00,8:05:00
28/01/2026,Bramirez,Centro De Contacto,6:00:00,11:35:00,8:05:00
28/01/2026,celirodriguez,Vacaciones,6:00:00,11:45:00,8:25:00
28/01/2026,mlorenzo,Vacaciones,6:00:00,11:45:00,8:25:00
28/01/2026,luiquijada,Centro De Contacto,6:00:00,11:45:00,8:25:00
28/01/2026,kdurango,Centro De Contacto,6:00:00,11:45:00,8:25:00
28/01/2026,jbrugiatti,Centro De Contacto,6:00:00,11:45:00,8:25:00
28/01/2026,Eshernandez,Centro De Contacto,6:00:00,11:45:00,8:25:00
28/01/2026,mnoval,Centro De Contacto,6:00:00,11:45:00,8:25:00
28/01/2026,jballis,Centro De Contacto,6:00:00,11:45:00,8:25:00
28/01/2026,gorodriguez,Centro De Contacto,6:00:00,11:45:00,8:25:00
28/01/2026,mereyes,Centro De Contacto,6:00:00,11:45:00,8:25:00
28/01/2026,Yulrodriguez,Centro De Contacto,7:00:00,12:25:00,9:15:00
28/01/2026,lijuarez,Centro De Contacto,7:00:00,12:25:00,9:15:00
28/01/2026,sarrodriguez,Centro De Contacto,7:00:00,12:25:00,9:15:00
28/01/2026,gisssanchez,Centro De Contacto,7:00:00,12:25:00,9:15:00
28/01/2026,Rubmorales,Vacaciones,7:00:00,12:25:00,9:15:00
28/01/2026,ensandoval,Centro De Contacto,7:00:00,12:25:00,9:15:00
28/01/2026,Ztrejos,Centro De Contacto,7:00:00,12:25:00,9:15:00
28/01/2026,girgonzalez,Centro De Contacto,7:00:00,12:25:00,9:15:00
28/01/2026,arenteria,Centro De Contacto,7:00:00,12:25:00,9:15:00
28/01/2026,julcorrea,Incapacidad Extendida,7:00:00,12:25:00,9:15:00
28/01/2026,noregonzalez,Centro De Contacto,9:00:00,13:00:00,10:30:00
28/01/2026,kdominguez,Centro De Contacto,9:00:00,13:00:00,10:30:00
28/01/2026,Cvillaverde,Centro De Contacto,9:00:00,13:00:00,10:30:00
28/01/2026,Jpile,Centro De Contacto,9:00:00,13:00:00,10:30:00
28/01/2026,erphillips,Centro De Contacto,9:00:00,13:00:00,10:30:00
28/01/2026,rmontero,Centro De Contacto,9:00:00,13:00:00,10:45:00
28/01/2026,vimoran,Centro De Contacto,9:00:00,13:00:00,10:45:00
28/01/2026,vedelacruz,Centro De Contacto,9:00:00,13:00:00,10:45:00
28/01/2026,Jingonzalez,Centro De Contacto,9:00:00,13:00:00,10:45:00
28/01/2026,scoke,Centro De Contacto,9:00:00,13:00:00,10:45:00
28/01/2026,yamilgonzalez,Centro De Contacto,9:00:00,13:10:00,10:05:00
28/01/2026,conavarro,Centro De Contacto,9:00:00,13:10:00,10:05:00
28/01/2026,Gcoronado,Centro De Contacto,9:00:00,13:10:00,10:05:00
28/01/2026,dmolino,Vacaciones,9:00:00,13:10:00,10:05:00
28/01/2026,yetienne,Centro De Contacto,9:00:00,13:10:00,10:05:00
28/01/2026,Nlondono,Centro De Contacto,9:00:00,13:10:00,10:25:00
28/01/2026,rossantamaria,Centro De Contacto,9:00:00,13:10:00,10:25:00
28/01/2026,tpolo,Centro De Contacto,9:00:00,13:10:00,10:25:00
28/01/2026,novilla,Centro De Contacto,9:00:00,13:10:00,10:25:00
28/01/2026,lmartinez,Centro De Contacto,9:00:00,13:10:00,10:25:00
28/01/2026,dancedeno,Vacaciones,6:00:00,12:00:00,8:00:00
28/01/2026,kbennett,Centro De Contacto,6:00:00,11:00:00,7:30:00
28/01/2026,yacastro,Centro De Contacto,6:00:00,11:45:00,7:00:00
28/01/2026,avelez,Centro De Contacto,6:00:00,11:45:00,8:15:00
28/01/2026,ariasanchez,Centro De Contacto,9:00:00,13:00:00,10:30:00
28/01/2026,locerrud,Centro De Contacto,9:00:00,13:00:00,10:30:00
28/01/2026,ypineda,Centro De Contacto,9:00:00,13:00:00,10:45:00
28/01/2026,cacedeno,Centro De Contacto,9:00:00,13:00:00,10:45:00
28/01/2026,maryherrera,Centro De Contacto,9:00:00,13:00:00,11:00:00
29/01/2026,Zestrada,Centro De Contacto,6:00:00,11:00:00,7:45:00
29/01/2026,aigraell,Centro De Contacto,6:00:00,11:00:00,7:45:00
29/01/2026,gman,Centro De Contacto,6:00:00,11:00:00,7:45:00
29/01/2026,genemoreno,Centro De Contacto,6:00:00,11:00:00,7:45:00
29/01/2026,lilmoreno,Vacaciones,6:00:00,11:00:00,7:45:00
29/01/2026,Yavallejos,Centro De Contacto,6:00:00,11:00:00,7:45:00
29/01/2026,gaflores,Centro De Contacto,6:00:00,11:00:00,7:45:00
29/01/2026,ivnunez,Centro De Contacto,6:00:00,11:00:00,7:45:00
29/01/2026,Melmartinez,Centro De Contacto,6:00:00,11:00:00,7:45:00
29/01/2026,glchanis,Centro De Contacto,6:00:00,11:00:00,7:45:00
29/01/2026,irisgomez,Licencia,6:00:00,11:00:00,7:45:00
29/01/2026,lizisaza,Centro De Contacto,6:00:00,11:35:00,8:05:00
29/01/2026,raycastillero,Centro De Contacto,6:00:00,11:35:00,8:05:00
29/01/2026,cacollado,Centro De Contacto,6:00:00,11:35:00,8:05:00
29/01/2026,meljaramillo,Centro De Contacto,6:00:00,11:35:00,8:05:00
29/01/2026,vplicett,Centro De Contacto,6:00:00,11:35:00,8:05:00
29/01/2026,danitbatista,Vacaciones,6:00:00,11:35:00,8:05:00
29/01/2026,yarmunoz,Centro De Contacto,6:00:00,11:35:00,8:05:00
29/01/2026,siolivares,Centro De Contacto,6:00:00,11:35:00,8:05:00
29/01/2026,xaviles,Centro De Contacto,6:00:00,11:35:00,8:05:00
29/01/2026,inggomez,Centro De Contacto,6:00:00,11:35:00,8:05:00
29/01/2026,Bramirez,Centro De Contacto,6:00:00,11:35:00,8:05:00
29/01/2026,celirodriguez,Vacaciones,6:00:00,11:45:00,8:25:00
29/01/2026,mlorenzo,Vacaciones,6:00:00,11:45:00,8:25:00
29/01/2026,luiquijada,Centro De Contacto,6:00:00,11:45:00,8:25:00
29/01/2026,kdurango,Centro De Contacto,6:00:00,11:45:00,8:25:00
29/01/2026,jbrugiatti,Centro De Contacto,6:00:00,11:45:00,8:25:00
29/01/2026,Eshernandez,Centro De Contacto,6:00:00,11:45:00,8:25:00
29/01/2026,mnoval,Centro De Contacto,6:00:00,11:45:00,8:25:00
29/01/2026,jballis,Centro De Contacto,6:00:00,11:45:00,8:25:00
29/01/2026,gorodriguez,Centro De Contacto,6:00:00,11:45:00,8:25:00
29/01/2026,mereyes,Centro De Contacto,6:00:00,11:45:00,8:25:00
29/01/2026,Yulrodriguez,Centro De Contacto,7:00:00,12:25:00,9:15:00
29/01/2026,lijuarez,Centro De Contacto,7:00:00,12:25:00,9:15:00
29/01/2026,sarrodriguez,Centro De Contacto,7:00:00,12:25:00,9:15:00
29/01/2026,gisssanchez,Centro De Contacto,7:00:00,12:25:00,9:15:00
29/01/2026,Rubmorales,Vacaciones,7:00:00,12:25:00,9:15:00
29/01/2026,ensandoval,Centro De Contacto,7:00:00,12:25:00,9:15:00
29/01/2026,Ztrejos,Centro De Contacto,7:00:00,12:25:00,9:15:00
29/01/2026,girgonzalez,Centro De Contacto,7:00:00,12:25:00,9:15:00
29/01/2026,arenteria,Centro De Contacto,7:00:00,12:25:00,9:15:00
29/01/2026,julcorrea,Incapacidad Extendida,7:00:00,12:25:00,9:15:00
29/01/2026,noregonzalez,Centro De Contacto,9:00:00,13:00:00,10:30:00
29/01/2026,kdominguez,Centro De Contacto,9:00:00,13:00:00,10:30:00
29/01/2026,Cvillaverde,Centro De Contacto,9:00:00,13:00:00,10:30:00
29/01/2026,Jpile,Centro De Contacto,9:00:00,13:00:00,10:30:00
29/01/2026,erphillips,Centro De Contacto,9:00:00,13:00:00,10:30:00
29/01/2026,rmontero,Centro De Contacto,9:00:00,13:00:00,10:45:00
29/01/2026,vimoran,Centro De Contacto,9:00:00,13:00:00,10:45:00
29/01/2026,vedelacruz,Centro De Contacto,9:00:00,13:00:00,10:45:00
29/01/2026,Jingonzalez,Centro De Contacto,9:00:00,13:00:00,10:45:00
29/01/2026,scoke,Centro De Contacto,9:00:00,13:00:00,10:45:00
29/01/2026,yamilgonzalez,Centro De Contacto,9:00:00,13:10:00,10:05:00
29/01/2026,conavarro,Centro De Contacto,9:00:00,13:10:00,10:05:00
29/01/2026,Gcoronado,Centro De Contacto,9:00:00,13:10:00,10:05:00
29/01/2026,dmolino,Vacaciones,9:00:00,13:10:00,10:05:00
29/01/2026,yetienne,Centro De Contacto,9:00:00,13:10:00,10:05:00
29/01/2026,Nlondono,Centro De Contacto,9:00:00,13:10:00,10:25:00
29/01/2026,rossantamaria,Centro De Contacto,9:00:00,13:10:00,10:25:00
29/01/2026,tpolo,Centro De Contacto,9:00:00,13:10:00,10:25:00
29/01/2026,novilla,Centro De Contacto,9:00:00,13:10:00,10:25:00
29/01/2026,lmartinez,Centro De Contacto,9:00:00,13:10:00,10:25:00
29/01/2026,dancedeno,Vacaciones,6:00:00,12:00:00,8:00:00
29/01/2026,kbennett,Centro De Contacto,6:00:00,11:00:00,7:30:00
29/01/2026,yacastro,Centro De Contacto,6:00:00,11:45:00,7:00:00
29/01/2026,avelez,Centro De Contacto,6:00:00,11:45:00,8:15:00
29/01/2026,ariasanchez,Centro De Contacto,9:00:00,13:00:00,10:30:00
29/01/2026,locerrud,Centro De Contacto,9:00:00,13:00:00,10:30:00
29/01/2026,ypineda,Centro De Contacto,9:00:00,13:00:00,10:45:00
29/01/2026,cacedeno,Centro De Contacto,9:00:00,13:00:00,10:45:00
29/01/2026,maryherrera,Centro De Contacto,9:00:00,13:00:00,11:00:00
30/01/2026,Zestrada,Centro De Contacto,6:00:00,11:00:00,7:45:00
30/01/2026,aigraell,Centro De Contacto,6:00:00,11:00:00,7:45:00
30/01/2026,gman,Centro De Contacto,6:00:00,11:00:00,7:45:00
30/01/2026,genemoreno,Centro De Contacto,6:00:00,11:00:00,7:45:00
30/01/2026,lilmoreno,Vacaciones,6:00:00,11:00:00,7:45:00
30/01/2026,Yavallejos,Centro De Contacto,6:00:00,11:00:00,7:45:00
30/01/2026,gaflores,Centro De Contacto,6:00:00,11:00:00,7:45:00
30/01/2026,ivnunez,Centro De Contacto,6:00:00,11:00:00,7:45:00
30/01/2026,Melmartinez,Centro De Contacto,6:00:00,11:00:00,7:45:00
30/01/2026,glchanis,Centro De Contacto,6:00:00,11:00:00,7:45:00
30/01/2026,irisgomez,Licencia,6:00:00,11:00:00,7:45:00
30/01/2026,lizisaza,Centro De Contacto,6:00:00,11:35:00,8:05:00
30/01/2026,raycastillero,Centro De Contacto,6:00:00,11:35:00,8:05:00
30/01/2026,cacollado,Centro De Contacto,6:00:00,11:35:00,8:05:00
30/01/2026,meljaramillo,Centro De Contacto,6:00:00,11:35:00,8:05:00
30/01/2026,vplicett,Centro De Contacto,6:00:00,11:35:00,8:05:00
30/01/2026,danitbatista,Vacaciones,6:00:00,11:35:00,8:05:00
30/01/2026,yarmunoz,Centro De Contacto,6:00:00,11:35:00,8:05:00
30/01/2026,siolivares,Centro De Contacto,6:00:00,11:35:00,8:05:00
30/01/2026,xaviles,Centro De Contacto,6:00:00,11:35:00,8:05:00
30/01/2026,inggomez,Centro De Contacto,6:00:00,11:35:00,8:05:00
30/01/2026,Bramirez,Centro De Contacto,6:00:00,11:35:00,8:05:00
30/01/2026,celirodriguez,Vacaciones,6:00:00,11:45:00,8:25:00
30/01/2026,mlorenzo,Vacaciones,6:00:00,11:45:00,8:25:00
30/01/2026,luiquijada,Centro De Contacto,6:00:00,11:45:00,8:25:00
30/01/2026,kdurango,Centro De Contacto,6:00:00,11:45:00,8:25:00
30/01/2026,jbrugiatti,Centro De Contacto,6:00:00,11:45:00,8:25:00
30/01/2026,Eshernandez,Centro De Contacto,6:00:00,11:45:00,8:25:00
30/01/2026,mnoval,Centro De Contacto,6:00:00,11:45:00,8:25:00
30/01/2026,jballis,Centro De Contacto,6:00:00,11:45:00,8:25:00
30/01/2026,gorodriguez,Centro De Contacto,6:00:00,11:45:00,8:25:00
30/01/2026,mereyes,Centro De Contacto,6:00:00,11:45:00,8:25:00
30/01/2026,Yulrodriguez,Centro De Contacto,7:00:00,12:25:00,9:15:00
30/01/2026,lijuarez,Centro De Contacto,7:00:00,12:25:00,9:15:00
30/01/2026,sarrodriguez,Centro De Contacto,7:00:00,12:25:00,9:15:00
30/01/2026,gisssanchez,Centro De Contacto,7:00:00,12:25:00,9:15:00
30/01/2026,Rubmorales,Vacaciones,7:00:00,12:25:00,9:15:00
30/01/2026,ensandoval,Centro De Contacto,7:00:00,12:25:00,9:15:00
30/01/2026,Ztrejos,Centro De Contacto,7:00:00,12:25:00,9:15:00
30/01/2026,girgonzalez,Centro De Contacto,7:00:00,12:25:00,9:15:00
30/01/2026,arenteria,Centro De Contacto,7:00:00,12:25:00,9:15:00
30/01/2026,julcorrea,Incapacidad Extendida,7:00:00,12:25:00,9:15:00
30/01/2026,noregonzalez,Centro De Contacto,9:00:00,13:00:00,10:30:00
30/01/2026,kdominguez,Centro De Contacto,9:00:00,13:00:00,10:30:00
30/01/2026,Cvillaverde,Centro De Contacto,9:00:00,13:00:00,10:30:00
30/01/2026,Jpile,Centro De Contacto,9:00:00,13:00:00,10:30:00
30/01/2026,erphillips,Centro De Contacto,9:00:00,13:00:00,10:30:00
30/01/2026,rmontero,Centro De Contacto,9:00:00,13:00:00,10:45:00
30/01/2026,vimoran,Centro De Contacto,9:00:00,13:00:00,10:45:00
30/01/2026,vedelacruz,Centro De Contacto,9:00:00,13:00:00,10:45:00
30/01/2026,Jingonzalez,Centro De Contacto,9:00:00,13:00:00,10:45:00
30/01/2026,scoke,Centro De Contacto,9:00:00,13:00:00,10:45:00
30/01/2026,yamilgonzalez,Centro De Contacto,9:00:00,13:10:00,10:05:00
30/01/2026,conavarro,Centro De Contacto,9:00:00,13:10:00,10:05:00
30/01/2026,Gcoronado,Centro De Contacto,9:00:00,13:10:00,10:05:00
30/01/2026,dmolino,Vacaciones,9:00:00,13:10:00,10:05:00
30/01/2026,yetienne,Centro De Contacto,9:00:00,13:10:00,10:05:00
30/01/2026,Nlondono,Centro De Contacto,9:00:00,13:10:00,10:25:00
30/01/2026,rossantamaria,Centro De Contacto,9:00:00,13:10:00,10:25:00
30/01/2026,tpolo,Centro De Contacto,9:00:00,13:10:00,10:25:00
30/01/2026,novilla,Centro De Contacto,9:00:00,13:10:00,10:25:00
30/01/2026,lmartinez,Centro De Contacto,9:00:00,13:10:00,10:25:00
30/01/2026,dancedeno,Vacaciones,6:00:00,12:00:00,8:00:00
30/01/2026,kbennett,Centro De Contacto,6:00:00,11:00:00,7:30:00
30/01/2026,yacastro,Centro De Contacto,6:00:00,11:45:00,7:00:00
30/01/2026,avelez,Centro De Contacto,6:00:00,11:45:00,8:15:00
30/01/2026,ariasanchez,Centro De Contacto,9:00:00,13:00:00,10:30:00
30/01/2026,locerrud,Centro De Contacto,9:00:00,13:00:00,10:30:00
30/01/2026,ypineda,Centro De Contacto,9:00:00,13:00:00,10:45:00
30/01/2026,cacedeno,Centro De Contacto,9:00:00,13:00:00,10:45:00
30/01/2026,maryherrera,Centro De Contacto,9:00:00,13:00:00,11:00:00
31/01/2026,Zestrada,Centro De Contacto,7:30:00,11:00:00,9:00:00
31/01/2026,aigraell,Centro De Contacto,7:30:00,11:00:00,9:00:00
31/01/2026,gman,Centro De Contacto,7:30:00,11:00:00,9:00:00
31/01/2026,genemoreno,Centro De Contacto,7:30:00,11:00:00,9:00:00
31/01/2026,lilmoreno,Vacaciones,7:30:00,11:00:00,9:00:00
31/01/2026,Yavallejos,Centro De Contacto,7:30:00,11:00:00,9:00:00
31/01/2026,gaflores,Centro De Contacto,7:30:00,11:00:00,9:00:00
31/01/2026,ivnunez,Centro De Contacto,7:30:00,11:00:00,9:00:00
31/01/2026,Melmartinez,Centro De Contacto,7:30:00,11:00:00,9:00:00
31/01/2026,glchanis,Centro De Contacto,7:30:00,11:00:00,9:00:00
31/01/2026,irisgomez,Licencia,7:30:00,11:00:00,9:00:00
31/01/2026,lizisaza,Centro De Contacto,7:30:00,11:00:00,9:15:00
31/01/2026,raycastillero,Centro De Contacto,7:30:00,11:00:00,9:15:00
31/01/2026,cacollado,Centro De Contacto,7:30:00,11:00:00,9:15:00
31/01/2026,meljaramillo,Centro De Contacto,7:30:00,11:00:00,9:15:00
31/01/2026,vplicett,Centro De Contacto,7:30:00,11:00:00,9:15:00
31/01/2026,danitbatista,Vacaciones,7:30:00,11:00:00,9:15:00
31/01/2026,yarmunoz,Centro De Contacto,7:30:00,11:00:00,9:15:00
31/01/2026,siolivares,Centro De Contacto,7:30:00,11:00:00,9:15:00
31/01/2026,xaviles,Centro De Contacto,7:30:00,11:00:00,9:15:00
31/01/2026,inggomez,Centro De Contacto,7:30:00,11:00:00,9:15:00
31/01/2026,Bramirez,Vacaciones,7:30:00,11:00:00,9:15:00
31/01/2026,celirodriguez,Vacaciones,7:30:00,11:00:00,9:30:00
31/01/2026,mlorenzo,Vacaciones,7:30:00,11:00:00,9:30:00
31/01/2026,luiquijada,Centro De Contacto,7:30:00,11:00:00,9:30:00
31/01/2026,kdurango,Centro De Contacto,7:30:00,11:00:00,9:30:00
31/01/2026,jbrugiatti,Centro De Contacto,7:30:00,11:00:00,9:30:00
31/01/2026,Eshernandez,Centro De Contacto,7:30:00,11:00:00,9:30:00
31/01/2026,mnoval,Centro De Contacto,7:30:00,11:00:00,9:30:00
31/01/2026,jballis,Centro De Contacto,7:30:00,11:00:00,9:30:00
31/01/2026,gorodriguez,Centro De Contacto,7:30:00,11:00:00,9:30:00
31/01/2026,mereyes,Centro De Contacto,7:30:00,11:00:00,9:30:00
31/01/2026,Yulrodriguez,Centro De Contacto,7:30:00,11:45:00,9:45:00
31/01/2026,lijuarez,Centro De Contacto,7:30:00,11:45:00,9:45:00
31/01/2026,sarrodriguez,Centro De Contacto,7:30:00,11:45:00,9:45:00
31/01/2026,gisssanchez,Centro De Contacto,7:30:00,11:45:00,9:45:00
31/01/2026,Rubmorales,Vacaciones,7:30:00,11:45:00,9:45:00
31/01/2026,ensandoval,Centro De Contacto,7:30:00,11:45:00,9:45:00
31/01/2026,Ztrejos,Centro De Contacto,7:30:00,11:45:00,9:45:00
31/01/2026,girgonzalez,Centro De Contacto,7:30:00,11:45:00,9:45:00
31/01/2026,arenteria,Centro De Contacto,7:30:00,11:45:00,9:45:00
31/01/2026,julcorrea,Incapacidad Extendida,7:30:00,11:45:00,9:45:00
31/01/2026,noregonzalez,Centro De Contacto,7:30:00,11:45:00,10:00:00
31/01/2026,kdominguez,Centro De Contacto,7:30:00,11:45:00,10:00:00
31/01/2026,Cvillaverde,Centro De Contacto,7:30:00,11:45:00,10:00:00
31/01/2026,Jpile,Centro De Contacto,7:30:00,11:45:00,10:00:00
31/01/2026,erphillips,Centro De Contacto,7:30:00,11:45:00,10:00:00
31/01/2026,rmontero,Centro De Contacto,7:30:00,11:45:00,10:00:00
31/01/2026,vimoran,Centro De Contacto,7:30:00,11:45:00,10:00:00
31/01/2026,vedelacruz,Centro De Contacto,7:30:00,11:45:00,10:00:00
31/01/2026,Jingonzalez,Centro De Contacto,7:30:00,11:45:00,10:00:00
31/01/2026,scoke,Centro De Contacto,7:30:00,11:45:00,10:00:00
31/01/2026,yamilgonzalez,Centro De Contacto,7:30:00,11:45:00,10:15:00
31/01/2026,conavarro,Centro De Contacto,7:30:00,11:45:00,10:15:00
31/01/2026,Gcoronado,Centro De Contacto,7:30:00,11:45:00,10:15:00
31/01/2026,dmolino,Vacaciones,7:30:00,11:45:00,10:15:00
31/01/2026,yetienne,Centro De Contacto,7:30:00,11:45:00,10:15:00
31/01/2026,Nlondono,Centro De Contacto,7:30:00,11:45:00,10:15:00
31/01/2026,rossantamaria,Centro De Contacto,7:30:00,11:45:00,10:15:00
31/01/2026,tpolo,Centro De Contacto,7:30:00,11:45:00,10:15:00
31/01/2026,novilla,Centro De Contacto,7:30:00,11:45:00,10:15:00
31/01/2026,lmartinez,Centro De Contacto,7:30:00,11:45:00,10:15:00
31/01/2026,dancedeno,Vacaciones,7:30:00,11:00:00,9:00:00
31/01/2026,kbennett,Centro De Contacto,7:30:00,11:00:00,9:00:00
31/01/2026,yacastro,Centro De Contacto,7:30:00,11:00:00,9:00:00
31/01/2026,avelez,Centro De Contacto,7:30:00,11:00:00,9:00:00
31/01/2026,ariasanchez,Centro De Contacto,7:30:00,11:00:00,9:00:00
31/01/2026,locerrud,Centro De Contacto,7:30:00,11:45:00,9:15:00
31/01/2026,ypineda,Centro De Contacto,7:30:00,11:45:00,9:15:00
31/01/2026,cacedeno,Vacaciones,7:30:00,11:45:00,9:15:00
31/01/2026,maryherrera,Centro De Contacto,7:30:00,11:45:00,9:15:00
02/02/2026,kbennett,Centro De Contacto,6:00:00,10:15:00,7:30:00
02/02/2026,Cvillaverde,Centro De Contacto,6:00:00,10:15:00,7:30:00
02/02/2026,tpolo,Centro De Contacto,6:00:00,10:15:00,7:30:00
02/02/2026,vplicett,Centro De Contacto,6:00:00,10:15:00,7:30:00
02/02/2026,Eshernandez,Centro De Contacto,6:00:00,10:15:00,7:30:00
02/02/2026,scoke,Centro De Contacto,6:00:00,10:15:00,7:30:00
02/02/2026,dmolino,Centro De Contacto,6:00:00,10:15:00,7:30:00
02/02/2026,novilla,Centro De Contacto,6:00:00,10:15:00,7:30:00
02/02/2026,ensandoval,Centro De Contacto,6:00:00,11:00:00,7:50:00
02/02/2026,rossantamaria,Centro De Contacto,6:00:00,11:00:00,7:50:00
02/02/2026,genemoreno,Centro De Contacto,6:00:00,11:00:00,7:50:00
02/02/2026,glchanis,Centro De Contacto,6:00:00,11:00:00,7:50:00
02/02/2026,yacastro,Centro De Contacto,6:00:00,11:00:00,7:50:00
02/02/2026,noregonzalez,Centro De Contacto,6:00:00,11:00:00,7:50:00
02/02/2026,danitbatista,Centro De Contacto,6:00:00,11:00:00,7:50:00
02/02/2026,luiquijada,Centro De Contacto,6:00:00,11:00:00,8:10:00
02/02/2026,sarrodriguez,Centro De Contacto,6:00:00,11:00:00,8:10:00
02/02/2026,ivnunez,Centro De Contacto,6:00:00,11:00:00,8:10:00
02/02/2026,arenteria,Centro De Contacto,6:00:00,11:00:00,8:10:00
02/02/2026,mnoval,Centro De Contacto,6:00:00,11:00:00,8:10:00
02/02/2026,ariasanchez,Centro De Contacto,6:00:00,11:00:00,8:10:00
02/02/2026,girgonzalez,Centro De Contacto,6:00:00,11:00:00,8:10:00
02/02/2026,Melmartinez,Centro De Contacto,6:00:00,11:00:00,8:10:00
02/02/2026,locerrud,Centro De Contacto,6:00:00,11:45:00,8:30:00
02/02/2026,gman,Centro De Contacto,6:00:00,11:45:00,8:30:00
02/02/2026,gaflores,Vacaciones,6:00:00,11:45:00,8:30:00
02/02/2026,lilmoreno,Centro De Contacto,6:00:00,11:45:00,8:30:00
02/02/2026,conavarro,Centro De Contacto,6:00:00,11:45:00,8:30:00
02/02/2026,Nlondono,Centro De Contacto,6:00:00,11:45:00,8:30:00
02/02/2026,xaviles,Centro De Contacto,6:00:00,11:45:00,8:30:00
02/02/2026,erphillips,Centro De Contacto,6:00:00,11:45:00,8:30:00
02/02/2026,cacedeno,Vacaciones,6:00:00,11:45:00,8:50:00
02/02/2026,celirodriguez,Centro De Contacto,6:00:00,11:45:00,8:50:00
02/02/2026,jbrugiatti,Centro De Contacto,6:00:00,11:45:00,8:50:00
02/02/2026,jballis,Centro De Contacto,6:00:00,11:45:00,8:50:00
02/02/2026,mereyes,Centro De Contacto,6:00:00,11:45:00,8:50:00
02/02/2026,siolivares,Centro De Contacto,6:00:00,11:45:00,8:50:00
02/02/2026,Jingonzalez,Centro De Contacto,6:00:00,11:45:00,8:50:00
02/02/2026,Yavallejos,Centro De Contacto,6:00:00,11:45:00,8:50:00
02/02/2026,dancedeno,Centro De Contacto,6:00:00,11:45:00,7:00:00
02/02/2026,yamilgonzalez,Centro De Contacto,7:00:00,12:00:00,9:10:00
02/02/2026,lmartinez,Centro De Contacto,9:00:00,13:00:00,10:30:00
02/02/2026,meljaramillo,Centro De Contacto,7:00:00,12:00:00,9:10:00
02/02/2026,yetienne,Centro De Contacto,7:00:00,12:00:00,9:10:00
02/02/2026,vedelacruz,Centro De Contacto,7:00:00,12:00:00,9:10:00
02/02/2026,kdurango,Centro De Contacto,7:00:00,12:00:00,9:10:00
02/02/2026,lizisaza,Centro De Contacto,7:00:00,12:00:00,9:10:00
02/02/2026,avelez,Vacaciones,7:00:00,12:00:00,9:30:00
02/02/2026,kdominguez,Centro De Contacto,7:00:00,12:00:00,9:30:00
02/02/2026,rmontero,Centro De Contacto,7:00:00,12:00:00,9:30:00
02/02/2026,cacollado,Centro De Contacto,7:00:00,12:00:00,9:30:00
02/02/2026,Rubmorales,Centro De Contacto,7:00:00,12:00:00,9:30:00
02/02/2026,Jpile,Centro De Contacto,7:00:00,12:00:00,9:30:00
02/02/2026,mlorenzo,Centro De Contacto,7:00:00,12:00:00,9:30:00
02/02/2026,irisgomez,Licencia,7:00:00,12:00:00,9:30:00
02/02/2026,ypineda,Centro De Contacto,9:00:00,13:00:00,10:30:00
02/02/2026,raycastillero,Vacaciones,9:00:00,13:00:00,10:30:00
02/02/2026,vimoran,Centro De Contacto,9:00:00,13:00:00,10:30:00
02/02/2026,Bramirez,Vacaciones,9:00:00,13:00:00,10:30:00
02/02/2026,Ztrejos,Centro De Contacto,9:00:00,13:00:00,10:30:00
02/02/2026,Gcoronado,Centro De Contacto,9:00:00,13:00:00,10:30:00
02/02/2026,yarmunoz,Centro De Contacto,9:00:00,13:00:00,10:30:00
02/02/2026,aigraell,Centro De Contacto,9:00:00,13:00:00,10:30:00
02/02/2026,maryherrera,Centro De Contacto,9:00:00,13:05:00,10:45:00
02/02/2026,Yulrodriguez,Centro De Contacto,9:00:00,13:05:00,10:45:00
02/02/2026,lijuarez,Centro De Contacto,9:00:00,13:05:00,10:45:00
02/02/2026,Zestrada,Centro De Contacto,9:00:00,13:05:00,10:45:00
02/02/2026,gisssanchez,Centro De Contacto,9:00:00,13:05:00,10:45:00
02/02/2026,gorodriguez,Vacaciones,9:00:00,13:05:00,10:45:00
02/02/2026,inggomez,Centro De Contacto,9:00:00,13:05:00,10:45:00
02/02/2026,julcorrea,Incapacidad Extendida,9:00:00,13:05:00,10:45:00
03/02/2026,kbennett,Centro De Contacto,6:00:00,11:45:00,7:30:00
03/02/2026,Cvillaverde,Centro De Contacto,6:00:00,11:45:00,7:30:00
03/02/2026,tpolo,Centro De Contacto,6:00:00,11:00:00,7:30:00
03/02/2026,vplicett,Centro De Contacto,6:00:00,11:00:00,7:30:00
03/02/2026,Eshernandez,Centro De Contacto,6:00:00,11:00:00,7:30:00
03/02/2026,scoke,Centro De Contacto,6:00:00,11:00:00,7:30:00
03/02/2026,dmolino,Centro De Contacto,6:00:00,11:45:00,7:30:00
03/02/2026,novilla,Centro De Contacto,6:00:00,11:45:00,7:30:00
03/02/2026,ensandoval,Centro De Contacto,6:00:00,11:00:00,7:50:00
03/02/2026,rossantamaria,Centro De Contacto,6:00:00,11:00:00,7:50:00
03/02/2026,genemoreno,Centro De Contacto,6:00:00,11:00:00,7:50:00
03/02/2026,glchanis,Centro De Contacto,6:00:00,11:00:00,7:50:00
03/02/2026,yacastro,Centro De Contacto,6:00:00,11:00:00,7:50:00
03/02/2026,noregonzalez,Centro De Contacto,6:00:00,11:00:00,7:50:00
03/02/2026,danitbatista,Centro De Contacto,6:00:00,11:00:00,7:50:00
03/02/2026,luiquijada,Centro De Contacto,6:00:00,11:00:00,8:10:00
03/02/2026,sarrodriguez,Centro De Contacto,6:00:00,11:00:00,8:10:00
03/02/2026,ivnunez,Centro De Contacto,6:00:00,11:00:00,8:10:00
03/02/2026,arenteria,Centro De Contacto,6:00:00,11:00:00,8:10:00
03/02/2026,mnoval,Centro De Contacto,6:00:00,11:00:00,8:10:00
03/02/2026,ariasanchez,Centro De Contacto,6:00:00,11:00:00,8:10:00
03/02/2026,girgonzalez,Centro De Contacto,6:00:00,11:00:00,8:10:00
03/02/2026,Melmartinez,Centro De Contacto,6:00:00,11:00:00,8:10:00
03/02/2026,locerrud,Centro De Contacto,6:00:00,11:45:00,8:30:00
03/02/2026,gman,Centro De Contacto,6:00:00,11:45:00,8:30:00
03/02/2026,gaflores,Vacaciones,6:00:00,11:45:00,8:30:00
03/02/2026,lilmoreno,Centro De Contacto,6:00:00,11:45:00,8:30:00
03/02/2026,conavarro,Centro De Contacto,6:00:00,11:45:00,8:30:00
03/02/2026,Nlondono,Centro De Contacto,6:00:00,11:45:00,8:30:00
03/02/2026,xaviles,Centro De Contacto,6:00:00,11:45:00,8:30:00
03/02/2026,erphillips,Centro De Contacto,6:00:00,11:45:00,8:30:00
03/02/2026,cacedeno,Vacaciones,6:00:00,11:45:00,8:50:00
03/02/2026,celirodriguez,Centro De Contacto,6:00:00,11:45:00,8:50:00
03/02/2026,jbrugiatti,Centro De Contacto,6:00:00,11:45:00,8:50:00
03/02/2026,jballis,Centro De Contacto,6:00:00,11:45:00,8:50:00
03/02/2026,mereyes,Centro De Contacto,6:00:00,11:45:00,8:50:00
03/02/2026,siolivares,Centro De Contacto,6:00:00,11:45:00,8:50:00
03/02/2026,Jingonzalez,Centro De Contacto,6:00:00,11:45:00,8:50:00
03/02/2026,Yavallejos,Centro De Contacto,6:00:00,11:45:00,8:50:00
03/02/2026,dancedeno,Centro De Contacto,6:00:00,11:45:00,7:00:00
03/02/2026,yamilgonzalez,Centro De Contacto,7:00:00,12:00:00,9:10:00
03/02/2026,lmartinez,Centro De Contacto,9:00:00,13:00:00,10:30:00
03/02/2026,meljaramillo,Centro De Contacto,7:00:00,12:00:00,9:10:00
03/02/2026,yetienne,Centro De Contacto,7:00:00,12:00:00,9:10:00
03/02/2026,vedelacruz,Centro De Contacto,7:00:00,12:00:00,9:10:00
03/02/2026,kdurango,Centro De Contacto,7:00:00,12:00:00,9:10:00
03/02/2026,lizisaza,Centro De Contacto,7:00:00,12:00:00,9:10:00
03/02/2026,avelez,Vacaciones,7:00:00,12:00:00,9:30:00
03/02/2026,kdominguez,Centro De Contacto,7:00:00,12:00:00,9:30:00
03/02/2026,rmontero,Centro De Contacto,7:00:00,12:00:00,9:30:00
03/02/2026,cacollado,Centro De Contacto,7:00:00,12:00:00,9:30:00
03/02/2026,Rubmorales,Centro De Contacto,7:00:00,12:00:00,9:30:00
03/02/2026,Jpile,Centro De Contacto,7:00:00,12:00:00,9:30:00
03/02/2026,mlorenzo,Centro De Contacto,7:00:00,12:00:00,9:30:00
03/02/2026,irisgomez,Licencia,7:00:00,12:00:00,9:30:00
03/02/2026,ypineda,Centro De Contacto,9:00:00,13:00:00,10:30:00
03/02/2026,raycastillero,Vacaciones,9:00:00,13:00:00,10:30:00
03/02/2026,vimoran,Centro De Contacto,9:00:00,13:00:00,10:30:00
03/02/2026,Bramirez,Vacaciones,9:00:00,13:00:00,10:30:00
03/02/2026,Ztrejos,Centro De Contacto,9:00:00,13:00:00,10:30:00
03/02/2026,Gcoronado,Centro De Contacto,9:00:00,13:00:00,10:30:00
03/02/2026,yarmunoz,Centro De Contacto,9:00:00,13:00:00,10:30:00
03/02/2026,aigraell,Centro De Contacto,9:00:00,13:00:00,10:30:00
03/02/2026,maryherrera,Centro De Contacto,9:00:00,13:05:00,10:45:00
03/02/2026,Yulrodriguez,Centro De Contacto,9:00:00,13:05:00,10:45:00
03/02/2026,lijuarez,Centro De Contacto,9:00:00,13:05:00,10:45:00
03/02/2026,Zestrada,Centro De Contacto,9:00:00,13:05:00,10:45:00
03/02/2026,gisssanchez,Centro De Contacto,9:00:00,13:05:00,10:45:00
03/02/2026,gorodriguez,Vacaciones,9:00:00,13:05:00,10:45:00
03/02/2026,inggomez,Centro De Contacto,9:00:00,13:05:00,10:45:00
03/02/2026,julcorrea,Incapacidad Extendida,9:00:00,13:05:00,10:45:00
04/02/2026,kbennett,Centro De Contacto,6:00:00,11:45:00,7:30:00
04/02/2026,Cvillaverde,Centro De Contacto,6:00:00,11:45:00,7:30:00
04/02/2026,tpolo,Centro De Contacto,6:00:00,11:00:00,7:30:00
04/02/2026,vplicett,Centro De Contacto,6:00:00,11:00:00,7:30:00
04/02/2026,Eshernandez,Centro De Contacto,6:00:00,11:00:00,7:30:00
04/02/2026,scoke,Centro De Contacto,6:00:00,11:00:00,7:30:00
04/02/2026,dmolino,Centro De Contacto,6:00:00,11:45:00,7:30:00
04/02/2026,novilla,Centro De Contacto,6:00:00,11:45:00,7:30:00
04/02/2026,ensandoval,Centro De Contacto,6:00:00,11:00:00,7:50:00
04/02/2026,rossantamaria,Centro De Contacto,6:00:00,11:00:00,7:50:00
04/02/2026,genemoreno,Centro De Contacto,6:00:00,11:00:00,7:50:00
04/02/2026,glchanis,Centro De Contacto,6:00:00,11:00:00,7:50:00
04/02/2026,yacastro,Centro De Contacto,6:00:00,11:00:00,7:50:00
04/02/2026,noregonzalez,Centro De Contacto,6:00:00,11:00:00,7:50:00
04/02/2026,danitbatista,Centro De Contacto,6:00:00,11:00:00,7:50:00
04/02/2026,luiquijada,Centro De Contacto,6:00:00,11:00:00,8:10:00
04/02/2026,sarrodriguez,Centro De Contacto,6:00:00,11:00:00,8:10:00
04/02/2026,ivnunez,Centro De Contacto,6:00:00,11:00:00,8:10:00
04/02/2026,arenteria,Centro De Contacto,6:00:00,11:00:00,8:10:00
04/02/2026,mnoval,Centro De Contacto,6:00:00,11:00:00,8:10:00
04/02/2026,ariasanchez,Centro De Contacto,6:00:00,11:00:00,8:10:00
04/02/2026,girgonzalez,Centro De Contacto,6:00:00,11:00:00,8:10:00
04/02/2026,Melmartinez,Centro De Contacto,6:00:00,11:00:00,8:10:00
04/02/2026,locerrud,Centro De Contacto,6:00:00,11:45:00,8:30:00
04/02/2026,gman,Centro De Contacto,6:00:00,11:45:00,8:30:00
04/02/2026,gaflores,Vacaciones,6:00:00,11:45:00,8:30:00
04/02/2026,lilmoreno,Centro De Contacto,6:00:00,11:45:00,8:30:00
04/02/2026,conavarro,Centro De Contacto,6:00:00,11:45:00,8:30:00
04/02/2026,Nlondono,Centro De Contacto,6:00:00,11:45:00,8:30:00
04/02/2026,xaviles,Centro De Contacto,6:00:00,11:45:00,8:30:00
04/02/2026,erphillips,Centro De Contacto,6:00:00,11:45:00,8:30:00
04/02/2026,cacedeno,Vacaciones,6:00:00,11:45:00,8:50:00
04/02/2026,celirodriguez,Centro De Contacto,6:00:00,11:45:00,8:50:00
04/02/2026,jbrugiatti,Centro De Contacto,6:00:00,11:45:00,8:50:00
04/02/2026,jballis,Centro De Contacto,6:00:00,11:45:00,8:50:00
04/02/2026,mereyes,Centro De Contacto,6:00:00,11:45:00,8:50:00
04/02/2026,siolivares,Centro De Contacto,6:00:00,11:45:00,8:50:00
04/02/2026,Jingonzalez,Centro De Contacto,6:00:00,11:45:00,8:50:00
04/02/2026,Yavallejos,Centro De Contacto,6:00:00,11:45:00,8:50:00
04/02/2026,dancedeno,Centro De Contacto,6:00:00,11:45:00,7:00:00
04/02/2026,yamilgonzalez,Centro De Contacto,7:00:00,12:00:00,9:10:00
04/02/2026,lmartinez,Centro De Contacto,9:00:00,13:00:00,10:30:00
04/02/2026,meljaramillo,Centro De Contacto,7:00:00,12:00:00,9:10:00
04/02/2026,yetienne,Centro De Contacto,7:00:00,12:00:00,9:10:00
04/02/2026,vedelacruz,Centro De Contacto,7:00:00,12:00:00,9:10:00
04/02/2026,kdurango,Centro De Contacto,7:00:00,12:00:00,9:10:00
04/02/2026,lizisaza,Centro De Contacto,7:00:00,12:00:00,9:10:00
04/02/2026,avelez,Vacaciones,7:00:00,12:00:00,9:30:00
04/02/2026,kdominguez,Centro De Contacto,7:00:00,12:00:00,9:30:00
04/02/2026,rmontero,Centro De Contacto,7:00:00,12:00:00,9:30:00
04/02/2026,cacollado,Centro De Contacto,7:00:00,12:00:00,9:30:00
04/02/2026,Rubmorales,Centro De Contacto,7:00:00,12:00:00,9:30:00
04/02/2026,Jpile,Centro De Contacto,7:00:00,12:00:00,9:30:00
04/02/2026,mlorenzo,Centro De Contacto,7:00:00,12:00:00,9:30:00
04/02/2026,irisgomez,Licencia,7:00:00,12:00:00,9:30:00
04/02/2026,ypineda,Centro De Contacto,9:00:00,13:00:00,10:30:00
04/02/2026,raycastillero,Vacaciones,9:00:00,13:00:00,10:30:00
04/02/2026,vimoran,Centro De Contacto,9:00:00,13:00:00,10:30:00
04/02/2026,Bramirez,Vacaciones,9:00:00,13:00:00,10:30:00
04/02/2026,Ztrejos,Centro De Contacto,9:00:00,13:00:00,10:30:00
04/02/2026,Gcoronado,Centro De Contacto,9:00:00,13:00:00,10:30:00
04/02/2026,yarmunoz,Centro De Contacto,9:00:00,13:00:00,10:30:00
04/02/2026,aigraell,Centro De Contacto,9:00:00,13:00:00,10:30:00
04/02/2026,maryherrera,Centro De Contacto,9:00:00,13:05:00,10:45:00
04/02/2026,Yulrodriguez,Centro De Contacto,9:00:00,13:05:00,10:45:00
04/02/2026,lijuarez,Centro De Contacto,9:00:00,13:05:00,10:45:00
04/02/2026,Zestrada,Centro De Contacto,9:00:00,13:05:00,10:45:00
04/02/2026,gisssanchez,Centro De Contacto,9:00:00,13:05:00,10:45:00
04/02/2026,gorodriguez,Vacaciones,9:00:00,13:05:00,10:45:00
04/02/2026,inggomez,Centro De Contacto,9:00:00,13:05:00,10:45:00
04/02/2026,julcorrea,Incapacidad Extendida,9:00:00,13:05:00,10:45:00
05/02/2026,kbennett,Centro De Contacto,6:00:00,11:45:00,7:30:00
05/02/2026,Cvillaverde,Centro De Contacto,6:00:00,11:45:00,7:30:00
05/02/2026,tpolo,Centro De Contacto,6:00:00,11:00:00,7:30:00
05/02/2026,vplicett,Centro De Contacto,6:00:00,11:00:00,7:30:00
05/02/2026,Eshernandez,Centro De Contacto,6:00:00,11:00:00,7:30:00
05/02/2026,scoke,Centro De Contacto,6:00:00,11:00:00,7:30:00
05/02/2026,dmolino,Centro De Contacto,6:00:00,11:45:00,7:30:00
05/02/2026,novilla,Centro De Contacto,6:00:00,11:45:00,7:30:00
05/02/2026,ensandoval,Centro De Contacto,6:00:00,11:00:00,7:50:00
05/02/2026,rossantamaria,Centro De Contacto,6:00:00,11:00:00,7:50:00
05/02/2026,genemoreno,Centro De Contacto,6:00:00,11:00:00,7:50:00
05/02/2026,glchanis,Centro De Contacto,6:00:00,11:00:00,7:50:00
05/02/2026,yacastro,Centro De Contacto,6:00:00,11:00:00,7:50:00
05/02/2026,noregonzalez,Centro De Contacto,6:00:00,11:00:00,7:50:00
05/02/2026,danitbatista,Centro De Contacto,6:00:00,11:00:00,7:50:00
05/02/2026,luiquijada,Centro De Contacto,6:00:00,11:00:00,8:10:00
05/02/2026,sarrodriguez,Centro De Contacto,6:00:00,11:00:00,8:10:00
05/02/2026,ivnunez,Centro De Contacto,6:00:00,11:00:00,8:10:00
05/02/2026,arenteria,Centro De Contacto,6:00:00,11:00:00,8:10:00
05/02/2026,mnoval,Centro De Contacto,6:00:00,11:00:00,8:10:00
05/02/2026,ariasanchez,Centro De Contacto,6:00:00,11:00:00,8:10:00
05/02/2026,girgonzalez,Centro De Contacto,6:00:00,11:00:00,8:10:00
05/02/2026,Melmartinez,Centro De Contacto,6:00:00,11:00:00,8:10:00
05/02/2026,locerrud,Centro De Contacto,6:00:00,11:45:00,8:30:00
05/02/2026,gman,Centro De Contacto,6:00:00,11:45:00,8:30:00
05/02/2026,gaflores,Vacaciones,6:00:00,11:45:00,8:30:00
05/02/2026,lilmoreno,Centro De Contacto,6:00:00,11:45:00,8:30:00
05/02/2026,conavarro,Centro De Contacto,6:00:00,11:45:00,8:30:00
05/02/2026,Nlondono,Centro De Contacto,6:00:00,11:45:00,8:30:00
05/02/2026,xaviles,Centro De Contacto,6:00:00,11:45:00,8:30:00
05/02/2026,erphillips,Centro De Contacto,6:00:00,11:45:00,8:30:00
05/02/2026,cacedeno,Vacaciones,6:00:00,11:45:00,8:50:00
05/02/2026,celirodriguez,Centro De Contacto,6:00:00,11:45:00,8:50:00
05/02/2026,jbrugiatti,Centro De Contacto,6:00:00,11:45:00,8:50:00
05/02/2026,jballis,Centro De Contacto,6:00:00,11:45:00,8:50:00
05/02/2026,mereyes,Centro De Contacto,6:00:00,11:45:00,8:50:00
05/02/2026,siolivares,Centro De Contacto,6:00:00,11:45:00,8:50:00
05/02/2026,Jingonzalez,Centro De Contacto,6:00:00,11:45:00,8:50:00
05/02/2026,Yavallejos,Centro De Contacto,6:00:00,11:45:00,8:50:00
05/02/2026,dancedeno,Centro De Contacto,6:00:00,11:45:00,7:00:00
05/02/2026,yamilgonzalez,Centro De Contacto,7:00:00,12:00:00,9:10:00
05/02/2026,lmartinez,Centro De Contacto,9:00:00,13:00:00,10:30:00
05/02/2026,meljaramillo,Centro De Contacto,7:00:00,12:00:00,9:10:00
05/02/2026,yetienne,Centro De Contacto,7:00:00,12:00:00,9:10:00
05/02/2026,vedelacruz,Centro De Contacto,7:00:00,12:00:00,9:10:00
05/02/2026,kdurango,Centro De Contacto,7:00:00,12:00:00,9:10:00
05/02/2026,lizisaza,Centro De Contacto,7:00:00,12:00:00,9:10:00
05/02/2026,avelez,Vacaciones,7:00:00,12:00:00,9:30:00
05/02/2026,kdominguez,Centro De Contacto,7:00:00,12:00:00,9:30:00
05/02/2026,rmontero,Centro De Contacto,7:00:00,12:00:00,9:30:00
05/02/2026,cacollado,Centro De Contacto,7:00:00,12:00:00,9:30:00
05/02/2026,Rubmorales,Centro De Contacto,7:00:00,12:00:00,9:30:00
05/02/2026,Jpile,Centro De Contacto,7:00:00,12:00:00,9:30:00
05/02/2026,mlorenzo,Centro De Contacto,7:00:00,12:00:00,9:30:00
05/02/2026,irisgomez,Licencia,7:00:00,12:00:00,9:30:00
05/02/2026,ypineda,Centro De Contacto,9:00:00,13:00:00,10:30:00
05/02/2026,raycastillero,Vacaciones,9:00:00,13:00:00,10:30:00
05/02/2026,vimoran,Centro De Contacto,9:00:00,13:00:00,10:30:00
05/02/2026,Bramirez,Vacaciones,9:00:00,13:00:00,10:30:00
05/02/2026,Ztrejos,Centro De Contacto,9:00:00,13:00:00,10:30:00
05/02/2026,Gcoronado,Centro De Contacto,9:00:00,13:00:00,10:30:00
05/02/2026,yarmunoz,Centro De Contacto,9:00:00,13:00:00,10:30:00
05/02/2026,aigraell,Centro De Contacto,9:00:00,13:00:00,10:30:00
05/02/2026,maryherrera,Centro De Contacto,9:00:00,13:05:00,10:45:00
05/02/2026,Yulrodriguez,Centro De Contacto,9:00:00,13:05:00,10:45:00
05/02/2026,lijuarez,Centro De Contacto,9:00:00,13:05:00,10:45:00
05/02/2026,Zestrada,Centro De Contacto,9:00:00,13:05:00,10:45:00
05/02/2026,gisssanchez,Centro De Contacto,9:00:00,13:05:00,10:45:00
05/02/2026,gorodriguez,Vacaciones,9:00:00,13:05:00,10:45:00
05/02/2026,inggomez,Centro De Contacto,9:00:00,13:05:00,10:45:00
05/02/2026,julcorrea,Incapacidad Extendida,9:00:00,13:05:00,10:45:00
06/02/2026,kbennett,Centro De Contacto,6:00:00,11:45:00,7:30:00
06/02/2026,Cvillaverde,Centro De Contacto,6:00:00,11:45:00,7:30:00
06/02/2026,tpolo,Centro De Contacto,6:00:00,11:00:00,7:30:00
06/02/2026,vplicett,Centro De Contacto,6:00:00,11:00:00,7:30:00
06/02/2026,Eshernandez,Centro De Contacto,6:00:00,11:00:00,7:30:00
06/02/2026,scoke,Centro De Contacto,6:00:00,11:00:00,7:30:00
06/02/2026,dmolino,Centro De Contacto,6:00:00,11:45:00,7:30:00
06/02/2026,novilla,Centro De Contacto,6:00:00,11:45:00,7:30:00
06/02/2026,ensandoval,Centro De Contacto,6:00:00,11:00:00,7:50:00
06/02/2026,rossantamaria,Centro De Contacto,6:00:00,11:00:00,7:50:00
06/02/2026,genemoreno,Centro De Contacto,6:00:00,11:00:00,7:50:00
06/02/2026,glchanis,Centro De Contacto,6:00:00,11:00:00,7:50:00
06/02/2026,yacastro,Centro De Contacto,6:00:00,11:00:00,7:50:00
06/02/2026,noregonzalez,Centro De Contacto,6:00:00,11:00:00,7:50:00
06/02/2026,danitbatista,Centro De Contacto,6:00:00,11:00:00,7:50:00
06/02/2026,luiquijada,Centro De Contacto,6:00:00,11:00:00,8:10:00
06/02/2026,sarrodriguez,Centro De Contacto,6:00:00,11:00:00,8:10:00
06/02/2026,ivnunez,Centro De Contacto,6:00:00,11:00:00,8:10:00
06/02/2026,arenteria,Centro De Contacto,6:00:00,11:00:00,8:10:00
06/02/2026,mnoval,Centro De Contacto,6:00:00,11:00:00,8:10:00
06/02/2026,ariasanchez,Centro De Contacto,6:00:00,11:00:00,8:10:00
06/02/2026,girgonzalez,Centro De Contacto,6:00:00,11:00:00,8:10:00
06/02/2026,Melmartinez,Centro De Contacto,6:00:00,11:00:00,8:10:00
06/02/2026,locerrud,Centro De Contacto,6:00:00,11:45:00,8:30:00
06/02/2026,gman,Centro De Contacto,6:00:00,11:45:00,8:30:00
06/02/2026,gaflores,Vacaciones,6:00:00,11:45:00,8:30:00
06/02/2026,lilmoreno,Centro De Contacto,6:00:00,11:45:00,8:30:00
06/02/2026,conavarro,Centro De Contacto,6:00:00,11:45:00,8:30:00
06/02/2026,Nlondono,Centro De Contacto,6:00:00,11:45:00,8:30:00
06/02/2026,xaviles,Centro De Contacto,6:00:00,11:45:00,8:30:00
06/02/2026,erphillips,Centro De Contacto,6:00:00,11:45:00,8:30:00
06/02/2026,cacedeno,Vacaciones,6:00:00,11:45:00,8:50:00
06/02/2026,celirodriguez,Centro De Contacto,6:00:00,11:45:00,8:50:00
06/02/2026,jbrugiatti,Centro De Contacto,6:00:00,11:45:00,8:50:00
06/02/2026,jballis,Centro De Contacto,6:00:00,11:45:00,8:50:00
06/02/2026,mereyes,Centro De Contacto,6:00:00,11:45:00,8:50:00
06/02/2026,siolivares,Centro De Contacto,6:00:00,11:45:00,8:50:00
06/02/2026,Jingonzalez,Centro De Contacto,6:00:00,11:45:00,8:50:00
06/02/2026,Yavallejos,Centro De Contacto,6:00:00,11:45:00,8:50:00
06/02/2026,dancedeno,Centro De Contacto,6:00:00,11:45:00,7:00:00
06/02/2026,yamilgonzalez,Centro De Contacto,7:00:00,12:00:00,9:10:00
06/02/2026,lmartinez,Centro De Contacto,9:00:00,13:00:00,10:30:00
06/02/2026,meljaramillo,Centro De Contacto,7:00:00,12:00:00,9:10:00
06/02/2026,yetienne,Centro De Contacto,7:00:00,12:00:00,9:10:00
06/02/2026,vedelacruz,Centro De Contacto,7:00:00,12:00:00,9:10:00
06/02/2026,kdurango,Centro De Contacto,7:00:00,12:00:00,9:10:00
06/02/2026,lizisaza,Centro De Contacto,7:00:00,12:00:00,9:10:00
06/02/2026,avelez,Vacaciones,7:00:00,12:00:00,9:30:00
06/02/2026,kdominguez,Centro De Contacto,7:00:00,12:00:00,9:30:00
06/02/2026,rmontero,Centro De Contacto,7:00:00,12:00:00,9:30:00
06/02/2026,cacollado,Centro De Contacto,7:00:00,12:00:00,9:30:00
06/02/2026,Rubmorales,Centro De Contacto,7:00:00,12:00:00,9:30:00
06/02/2026,Jpile,Centro De Contacto,7:00:00,12:00:00,9:30:00
06/02/2026,mlorenzo,Centro De Contacto,7:00:00,12:00:00,9:30:00
06/02/2026,irisgomez,Licencia,7:00:00,12:00:00,9:30:00
06/02/2026,ypineda,Centro De Contacto,9:00:00,13:00:00,10:30:00
06/02/2026,raycastillero,Vacaciones,9:00:00,13:00:00,10:30:00
06/02/2026,vimoran,Centro De Contacto,9:00:00,13:00:00,10:30:00
06/02/2026,Bramirez,Vacaciones,9:00:00,13:00:00,10:30:00
06/02/2026,Ztrejos,Centro De Contacto,9:00:00,13:00:00,10:30:00
06/02/2026,Gcoronado,Centro De Contacto,9:00:00,13:00:00,10:30:00
06/02/2026,yarmunoz,Centro De Contacto,9:00:00,13:00:00,10:30:00
06/02/2026,aigraell,Centro De Contacto,9:00:00,13:00:00,10:30:00
06/02/2026,maryherrera,Centro De Contacto,9:00:00,13:05:00,10:45:00
06/02/2026,Yulrodriguez,Centro De Contacto,9:00:00,13:05:00,10:45:00
06/02/2026,lijuarez,Centro De Contacto,9:00:00,13:05:00,10:45:00
06/02/2026,Zestrada,Centro De Contacto,9:00:00,13:05:00,10:45:00
06/02/2026,gisssanchez,Centro De Contacto,9:00:00,13:05:00,10:45:00
06/02/2026,gorodriguez,Vacaciones,9:00:00,13:05:00,10:45:00
06/02/2026,inggomez,Centro De Contacto,9:00:00,13:05:00,10:45:00
06/02/2026,julcorrea,Incapacidad Extendida,9:00:00,13:05:00,10:45:00
07/02/2026,kbennett,Centro De Contacto,7:30:00,11:00:00,9:00:00
07/02/2026,Cvillaverde,Centro De Contacto,7:30:00,11:00:00,9:00:00
07/02/2026,tpolo,Centro De Contacto,7:30:00,11:00:00,9:00:00
07/02/2026,vplicett,Centro De Contacto,7:30:00,11:00:00,9:00:00
07/02/2026,Eshernandez,Centro De Contacto,7:30:00,11:00:00,9:00:00
07/02/2026,scoke,Centro De Contacto,7:30:00,11:00:00,9:00:00
07/02/2026,dmolino,Centro De Contacto,7:30:00,11:00:00,9:00:00
07/02/2026,novilla,Centro De Contacto,7:30:00,11:00:00,9:00:00
07/02/2026,ensandoval,Centro De Contacto,7:30:00,11:00:00,9:00:00
07/02/2026,rossantamaria,Centro De Contacto,7:30:00,11:00:00,9:00:00
07/02/2026,genemoreno,Centro De Contacto,7:30:00,11:00:00,9:00:00
07/02/2026,glchanis,Centro De Contacto,7:30:00,11:00:00,9:15:00
07/02/2026,yacastro,Centro De Contacto,7:30:00,11:00:00,9:15:00
07/02/2026,noregonzalez,Centro De Contacto,7:30:00,11:00:00,9:15:00
07/02/2026,danitbatista,Centro De Contacto,7:30:00,11:00:00,9:15:00
07/02/2026,luiquijada,Centro De Contacto,7:30:00,11:00:00,9:15:00
07/02/2026,sarrodriguez,Centro De Contacto,7:30:00,11:00:00,9:15:00
07/02/2026,ivnunez,Centro De Contacto,7:30:00,11:00:00,9:15:00
07/02/2026,arenteria,Centro De Contacto,7:30:00,11:00:00,9:15:00
07/02/2026,mnoval,Centro De Contacto,7:30:00,11:00:00,9:15:00
07/02/2026,ariasanchez,Centro De Contacto,7:30:00,11:00:00,9:15:00
07/02/2026,girgonzalez,Centro De Contacto,7:30:00,11:00:00,9:15:00
07/02/2026,Melmartinez,Centro De Contacto,7:30:00,11:00:00,9:30:00
07/02/2026,locerrud,Centro De Contacto,7:30:00,11:00:00,9:30:00
07/02/2026,gman,Centro De Contacto,7:30:00,11:00:00,9:30:00
07/02/2026,gaflores,Vacaciones,7:30:00,11:00:00,9:30:00
07/02/2026,lilmoreno,Centro De Contacto,7:30:00,11:00:00,9:30:00
07/02/2026,conavarro,Centro De Contacto,7:30:00,11:00:00,9:30:00
07/02/2026,Nlondono,Centro De Contacto,7:30:00,11:00:00,9:30:00
07/02/2026,xaviles,Centro De Contacto,7:30:00,11:00:00,9:30:00
07/02/2026,erphillips,Centro De Contacto,7:30:00,11:00:00,9:30:00
07/02/2026,cacedeno,Vacaciones,7:30:00,11:00:00,9:30:00
07/02/2026,celirodriguez,Centro De Contacto,7:30:00,11:45:00,9:45:00
07/02/2026,jbrugiatti,Centro De Contacto,7:30:00,11:45:00,9:45:00
07/02/2026,jballis,Centro De Contacto,7:30:00,11:45:00,9:45:00
07/02/2026,mereyes,Centro De Contacto,7:30:00,11:45:00,9:45:00
07/02/2026,siolivares,Centro De Contacto,7:30:00,11:45:00,9:45:00
07/02/2026,Jingonzalez,Centro De Contacto,7:30:00,11:45:00,9:45:00
07/02/2026,Yavallejos,Centro De Contacto,7:30:00,11:45:00,9:45:00
07/02/2026,dancedeno,Centro De Contacto,7:30:00,11:45:00,9:45:00
07/02/2026,yamilgonzalez,Centro De Contacto,7:30:00,11:45:00,9:45:00
07/02/2026,lmartinez,Centro De Contacto,7:30:00,11:45:00,9:45:00
07/02/2026,meljaramillo,Centro De Contacto,7:30:00,11:45:00,10:00:00
07/02/2026,yetienne,Centro De Contacto,7:30:00,11:45:00,10:00:00
07/02/2026,vedelacruz,Centro De Contacto,7:30:00,11:45:00,10:00:00
07/02/2026,kdurango,Centro De Contacto,7:30:00,11:45:00,10:00:00
07/02/2026,lizisaza,Centro De Contacto,7:30:00,11:45:00,10:00:00
07/02/2026,avelez,Vacaciones,7:30:00,11:45:00,10:00:00
07/02/2026,kdominguez,Centro De Contacto,7:30:00,11:45:00,10:00:00
07/02/2026,rmontero,Centro De Contacto,7:30:00,11:45:00,10:00:00
07/02/2026,cacollado,Centro De Contacto,7:30:00,11:45:00,10:00:00
07/02/2026,Rubmorales,Centro De Contacto,7:30:00,11:45:00,10:00:00
07/02/2026,Jpile,Centro De Contacto,7:30:00,11:45:00,10:15:00
07/02/2026,mlorenzo,Centro De Contacto,7:30:00,11:45:00,10:15:00
07/02/2026,irisgomez,Licencia,7:30:00,11:45:00,10:15:00
07/02/2026,ypineda,Centro De Contacto,7:30:00,11:45:00,10:15:00
07/02/2026,raycastillero,Vacaciones,7:30:00,11:45:00,10:15:00
07/02/2026,vimoran,Centro De Contacto,7:30:00,11:45:00,10:15:00
07/02/2026,Bramirez,Vacaciones,7:30:00,11:45:00,10:15:00
07/02/2026,Ztrejos,Centro De Contacto,7:30:00,11:45:00,10:15:00
07/02/2026,Gcoronado,Centro De Contacto,7:30:00,11:45:00,10:15:00
07/02/2026,yarmunoz,Centro De Contacto,7:30:00,11:45:00,10:15:00
07/02/2026,aigraell,Centro De Contacto,7:30:00,11:00:00,9:00:00
07/02/2026,maryherrera,Centro De Contacto,7:30:00,11:00:00,9:00:00
07/02/2026,Yulrodriguez,Centro De Contacto,7:30:00,11:00:00,9:00:00
07/02/2026,lijuarez,Centro De Contacto,7:30:00,11:00:00,9:00:00
07/02/2026,Zestrada,Centro De Contacto,7:30:00,11:00:00,9:00:00
07/02/2026,gisssanchez,Centro De Contacto,7:30:00,11:45:00,9:15:00
07/02/2026,gorodriguez,Vacaciones,7:30:00,11:45:00,9:15:00
07/02/2026,inggomez,Centro De Contacto,7:30:00,11:45:00,9:15:00
07/02/2026,julcorrea,Incapacidad Extendida,7:30:00,11:45:00,9:15:00
09/02/2026,dancedeno,Centro De Contacto,6:00:00,11:45:00,7:00:00
09/02/2026,yamilgonzalez,Centro De Contacto,6:00:00,11:45:00,7:00:00
09/02/2026,lmartinez,Centro De Contacto,9:00:00,13:00:00,10:30:00
09/02/2026,meljaramillo,Centro De Contacto,6:00:00,11:00:00,7:00:00
09/02/2026,yetienne,Centro De Contacto,6:00:00,11:00:00,7:00:00
09/02/2026,vedelacruz,Centro De Contacto,6:00:00,11:00:00,7:00:00
09/02/2026,kdurango,Centro De Contacto,6:00:00,11:45:00,7:00:00
09/02/2026,lizisaza,Centro De Contacto,6:00:00,11:45:00,7:00:00
09/02/2026,avelez,Vacaciones,6:00:00,11:00:00,7:20:00
09/02/2026,kdominguez,Centro De Contacto,6:00:00,11:00:00,7:20:00
09/02/2026,rmontero,Centro De Contacto,6:00:00,11:00:00,7:20:00
09/02/2026,cacollado,Centro De Contacto,6:00:00,11:00:00,7:20:00
09/02/2026,Rubmorales,Centro De Contacto,6:00:00,11:00:00,7:20:00
09/02/2026,Jpile,Centro De Contacto,6:00:00,11:00:00,7:20:00
09/02/2026,mlorenzo,Centro De Contacto,6:00:00,11:00:00,7:20:00
09/02/2026,irisgomez,Licencia,6:00:00,11:00:00,7:20:00
09/02/2026,ypineda,Centro De Contacto,6:00:00,11:00:00,7:40:00
09/02/2026,raycastillero,Vacaciones,6:00:00,11:00:00,7:40:00
09/02/2026,vimoran,Centro De Contacto,6:00:00,11:00:00,7:40:00
09/02/2026,Bramirez,Vacaciones,6:00:00,11:00:00,7:40:00
09/02/2026,Ztrejos,Centro De Contacto,6:00:00,11:00:00,7:40:00
09/02/2026,Gcoronado,Centro De Contacto,6:00:00,11:00:00,7:40:00
09/02/2026,yarmunoz,Centro De Contacto,6:00:00,11:00:00,7:40:00
09/02/2026,aigraell,Centro De Contacto,6:00:00,11:00:00,7:40:00
09/02/2026,maryherrera,Centro De Contacto,6:00:00,11:45:00,8:00:00
09/02/2026,Yulrodriguez,Centro De Contacto,6:00:00,11:45:00,8:00:00
09/02/2026,lijuarez,Centro De Contacto,6:00:00,11:45:00,8:00:00
09/02/2026,Zestrada,Centro De Contacto,6:00:00,11:45:00,8:00:00
09/02/2026,gisssanchez,Centro De Contacto,6:00:00,11:45:00,8:00:00
09/02/2026,gorodriguez,Vacaciones,6:00:00,11:45:00,8:00:00
09/02/2026,inggomez,Centro De Contacto,6:00:00,11:45:00,8:00:00
09/02/2026,julcorrea,Incapacidad Extendida,6:00:00,11:45:00,8:00:00
09/02/2026,cacedeno,Vacaciones,6:00:00,11:45:00,8:20:00
09/02/2026,celirodriguez,Centro De Contacto,6:00:00,11:45:00,8:20:00
09/02/2026,jbrugiatti,Centro De Contacto,6:00:00,11:45:00,8:20:00
09/02/2026,jballis,Centro De Contacto,6:00:00,11:45:00,8:20:00
09/02/2026,mereyes,Centro De Contacto,6:00:00,11:45:00,8:20:00
09/02/2026,siolivares,Centro De Contacto,6:00:00,11:45:00,8:20:00
09/02/2026,Jingonzalez,Centro De Contacto,6:00:00,11:45:00,8:20:00
09/02/2026,Yavallejos,Centro De Contacto,6:00:00,11:45:00,8:20:00
09/02/2026,kbennett,Centro De Contacto,6:00:00,10:15:00,7:30:00
09/02/2026,Cvillaverde,Centro De Contacto,7:00:00,12:30:00,9:10:00
09/02/2026,tpolo,Centro De Contacto,7:00:00,12:30:00,9:10:00
09/02/2026,vplicett,Centro De Contacto,7:00:00,12:30:00,9:10:00
09/02/2026,Eshernandez,Centro De Contacto,7:00:00,12:30:00,9:10:00
09/02/2026,scoke,Centro De Contacto,7:00:00,12:30:00,9:10:00
09/02/2026,dmolino,Centro De Contacto,7:00:00,12:30:00,9:10:00
09/02/2026,novilla,Centro De Contacto,7:00:00,12:30:00,9:10:00
09/02/2026,ensandoval,Centro De Contacto,7:00:00,12:30:00,9:30:00
09/02/2026,rossantamaria,Centro De Contacto,7:00:00,12:30:00,9:30:00
09/02/2026,genemoreno,Centro De Contacto,7:00:00,12:30:00,9:30:00
09/02/2026,glchanis,Centro De Contacto,7:00:00,12:30:00,9:30:00
09/02/2026,yacastro,Centro De Contacto,7:00:00,12:30:00,9:30:00
09/02/2026,noregonzalez,Centro De Contacto,7:00:00,12:30:00,9:30:00
09/02/2026,danitbatista,Centro De Contacto,7:00:00,12:30:00,9:30:00
09/02/2026,luiquijada,Centro De Contacto,9:00:00,13:00:00,10:30:00
09/02/2026,sarrodriguez,Centro De Contacto,9:00:00,13:00:00,10:30:00
09/02/2026,ivnunez,Centro De Contacto,9:00:00,13:00:00,10:30:00
09/02/2026,arenteria,Centro De Contacto,9:00:00,13:00:00,10:30:00
09/02/2026,mnoval,Centro De Contacto,9:00:00,13:00:00,10:30:00
09/02/2026,ariasanchez,Centro De Contacto,9:00:00,13:00:00,10:30:00
09/02/2026,girgonzalez,Centro De Contacto,9:00:00,13:00:00,10:30:00
09/02/2026,Melmartinez,Centro De Contacto,9:00:00,13:00:00,10:30:00
09/02/2026,locerrud,Centro De Contacto,9:00:00,13:05:00,10:45:00
09/02/2026,gman,Centro De Contacto,9:00:00,13:05:00,10:45:00
09/02/2026,gaflores,Vacaciones,9:00:00,13:05:00,10:45:00
09/02/2026,lilmoreno,Centro De Contacto,9:00:00,13:05:00,10:45:00
09/02/2026,conavarro,Centro De Contacto,9:00:00,13:05:00,10:45:00
09/02/2026,Nlondono,Centro De Contacto,9:00:00,13:05:00,10:45:00
09/02/2026,xaviles,Centro De Contacto,9:00:00,13:05:00,10:45:00
09/02/2026,erphillips,Centro De Contacto,9:00:00,13:05:00,10:45:00
10/02/2026,dancedeno,Centro De Contacto,6:00:00,11:45:00,7:00:00
10/02/2026,yamilgonzalez,Centro De Contacto,6:00:00,11:45:00,7:00:00
10/02/2026,lmartinez,Centro De Contacto,9:00:00,13:00:00,10:30:00
10/02/2026,meljaramillo,Centro De Contacto,6:00:00,11:00:00,7:00:00
10/02/2026,yetienne,Centro De Contacto,6:00:00,11:00:00,7:00:00
10/02/2026,vedelacruz,Centro De Contacto,6:00:00,11:00:00,7:00:00
10/02/2026,kdurango,Centro De Contacto,6:00:00,11:45:00,7:00:00
10/02/2026,lizisaza,Centro De Contacto,6:00:00,11:45:00,7:00:00
10/02/2026,avelez,Vacaciones,6:00:00,11:00:00,7:20:00
10/02/2026,kdominguez,Centro De Contacto,6:00:00,11:00:00,7:20:00
10/02/2026,rmontero,Centro De Contacto,6:00:00,11:00:00,7:20:00
10/02/2026,cacollado,Centro De Contacto,6:00:00,11:00:00,7:20:00
10/02/2026,Rubmorales,Centro De Contacto,6:00:00,11:00:00,7:20:00
10/02/2026,Jpile,Centro De Contacto,6:00:00,11:00:00,7:20:00
10/02/2026,mlorenzo,Centro De Contacto,6:00:00,11:00:00,7:20:00
10/02/2026,irisgomez,Licencia,6:00:00,11:00:00,7:20:00
10/02/2026,ypineda,Centro De Contacto,6:00:00,11:00:00,7:40:00
10/02/2026,raycastillero,Vacaciones,6:00:00,11:00:00,7:40:00
10/02/2026,vimoran,Centro De Contacto,6:00:00,11:00:00,7:40:00
10/02/2026,Bramirez,Vacaciones,6:00:00,11:00:00,7:40:00
10/02/2026,Ztrejos,Centro De Contacto,6:00:00,11:00:00,7:40:00
10/02/2026,Gcoronado,Centro De Contacto,6:00:00,11:00:00,7:40:00
10/02/2026,yarmunoz,Centro De Contacto,6:00:00,11:00:00,7:40:00
10/02/2026,aigraell,Centro De Contacto,6:00:00,11:00:00,7:40:00
10/02/2026,maryherrera,Centro De Contacto,6:00:00,11:45:00,8:00:00
10/02/2026,Yulrodriguez,Centro De Contacto,6:00:00,11:45:00,8:00:00
10/02/2026,lijuarez,Centro De Contacto,6:00:00,11:45:00,8:00:00
10/02/2026,Zestrada,Centro De Contacto,6:00:00,11:45:00,8:00:00
10/02/2026,gisssanchez,Centro De Contacto,6:00:00,11:45:00,8:00:00
10/02/2026,gorodriguez,Vacaciones,6:00:00,11:45:00,8:00:00
10/02/2026,inggomez,Centro De Contacto,6:00:00,11:45:00,8:00:00
10/02/2026,julcorrea,Incapacidad Extendida,6:00:00,11:45:00,8:00:00
10/02/2026,cacedeno,Vacaciones,6:00:00,11:45:00,8:20:00
10/02/2026,celirodriguez,Centro De Contacto,6:00:00,11:45:00,8:20:00
10/02/2026,jbrugiatti,Centro De Contacto,6:00:00,11:45:00,8:20:00
10/02/2026,jballis,Centro De Contacto,6:00:00,11:45:00,8:20:00
10/02/2026,mereyes,Centro De Contacto,6:00:00,11:45:00,8:20:00
10/02/2026,siolivares,Centro De Contacto,6:00:00,11:45:00,8:20:00
10/02/2026,Jingonzalez,Centro De Contacto,6:00:00,11:45:00,8:20:00
10/02/2026,Yavallejos,Centro De Contacto,6:00:00,11:45:00,8:20:00
10/02/2026,kbennett,Centro De Contacto,6:00:00,10:15:00,7:30:00
10/02/2026,Cvillaverde,Centro De Contacto,7:00:00,12:30:00,9:10:00
10/02/2026,tpolo,Centro De Contacto,7:00:00,12:30:00,9:10:00
10/02/2026,vplicett,Centro De Contacto,7:00:00,12:30:00,9:10:00
10/02/2026,Eshernandez,Centro De Contacto,7:00:00,12:30:00,9:10:00
10/02/2026,scoke,Centro De Contacto,7:00:00,12:30:00,9:10:00
10/02/2026,dmolino,Centro De Contacto,7:00:00,12:30:00,9:10:00
10/02/2026,novilla,Centro De Contacto,7:00:00,12:30:00,9:10:00
10/02/2026,ensandoval,Centro De Contacto,7:00:00,12:30:00,9:30:00
10/02/2026,rossantamaria,Centro De Contacto,7:00:00,12:30:00,9:30:00
10/02/2026,genemoreno,Centro De Contacto,7:00:00,12:30:00,9:30:00
10/02/2026,glchanis,Centro De Contacto,7:00:00,12:30:00,9:30:00
10/02/2026,yacastro,Centro De Contacto,7:00:00,12:30:00,9:30:00
10/02/2026,noregonzalez,Centro De Contacto,7:00:00,12:30:00,9:30:00
10/02/2026,danitbatista,Centro De Contacto,7:00:00,12:30:00,9:30:00
10/02/2026,luiquijada,Centro De Contacto,9:00:00,13:00:00,10:30:00
10/02/2026,sarrodriguez,Centro De Contacto,9:00:00,13:00:00,10:30:00
10/02/2026,ivnunez,Centro De Contacto,9:00:00,13:00:00,10:30:00
10/02/2026,arenteria,Centro De Contacto,9:00:00,13:00:00,10:30:00
10/02/2026,mnoval,Centro De Contacto,9:00:00,13:00:00,10:30:00
10/02/2026,ariasanchez,Centro De Contacto,9:00:00,13:00:00,10:30:00
10/02/2026,girgonzalez,Centro De Contacto,9:00:00,13:00:00,10:30:00
10/02/2026,Melmartinez,Centro De Contacto,9:00:00,13:00:00,10:30:00
10/02/2026,locerrud,Centro De Contacto,9:00:00,13:05:00,10:45:00
10/02/2026,gman,Centro De Contacto,9:00:00,13:05:00,10:45:00
10/02/2026,gaflores,Vacaciones,9:00:00,13:05:00,10:45:00
10/02/2026,lilmoreno,Centro De Contacto,9:00:00,13:05:00,10:45:00
10/02/2026,conavarro,Centro De Contacto,9:00:00,13:05:00,10:45:00
10/02/2026,Nlondono,Centro De Contacto,9:00:00,13:05:00,10:45:00
10/02/2026,xaviles,Centro De Contacto,9:00:00,13:05:00,10:45:00
10/02/2026,erphillips,Centro De Contacto,9:00:00,13:05:00,10:45:00
11/02/2026,dancedeno,Centro De Contacto,6:00:00,11:45:00,7:00:00
11/02/2026,yamilgonzalez,Centro De Contacto,6:00:00,11:45:00,7:00:00
11/02/2026,lmartinez,Centro De Contacto,9:00:00,13:00:00,10:30:00
11/02/2026,meljaramillo,Centro De Contacto,6:00:00,11:00:00,7:00:00
11/02/2026,yetienne,Centro De Contacto,6:00:00,11:00:00,7:00:00
11/02/2026,vedelacruz,Centro De Contacto,6:00:00,11:00:00,7:00:00
11/02/2026,kdurango,Centro De Contacto,6:00:00,11:45:00,7:00:00
11/02/2026,lizisaza,Centro De Contacto,6:00:00,11:45:00,7:00:00
11/02/2026,avelez,Vacaciones,6:00:00,11:00:00,7:20:00
11/02/2026,kdominguez,Centro De Contacto,6:00:00,11:00:00,7:20:00
11/02/2026,rmontero,Centro De Contacto,6:00:00,11:00:00,7:20:00
11/02/2026,cacollado,Centro De Contacto,6:00:00,11:00:00,7:20:00
11/02/2026,Rubmorales,Centro De Contacto,6:00:00,11:00:00,7:20:00
11/02/2026,Jpile,Centro De Contacto,6:00:00,11:00:00,7:20:00
11/02/2026,mlorenzo,Centro De Contacto,6:00:00,11:00:00,7:20:00
11/02/2026,irisgomez,Licencia,6:00:00,11:00:00,7:20:00
11/02/2026,ypineda,Centro De Contacto,6:00:00,11:00:00,7:40:00
11/02/2026,raycastillero,Vacaciones,6:00:00,11:00:00,7:40:00
11/02/2026,vimoran,Centro De Contacto,6:00:00,11:00:00,7:40:00
11/02/2026,Bramirez,Vacaciones,6:00:00,11:00:00,7:40:00
11/02/2026,Ztrejos,Centro De Contacto,6:00:00,11:00:00,7:40:00
11/02/2026,Gcoronado,Centro De Contacto,6:00:00,11:00:00,7:40:00
11/02/2026,yarmunoz,Centro De Contacto,6:00:00,11:00:00,7:40:00
11/02/2026,aigraell,Centro De Contacto,6:00:00,11:00:00,7:40:00
11/02/2026,maryherrera,Centro De Contacto,6:00:00,11:45:00,8:00:00
11/02/2026,Yulrodriguez,Centro De Contacto,6:00:00,11:45:00,8:00:00
11/02/2026,lijuarez,Centro De Contacto,6:00:00,11:45:00,8:00:00
11/02/2026,Zestrada,Centro De Contacto,6:00:00,11:45:00,8:00:00
11/02/2026,gisssanchez,Centro De Contacto,6:00:00,11:45:00,8:00:00
11/02/2026,gorodriguez,Vacaciones,6:00:00,11:45:00,8:00:00
11/02/2026,inggomez,Centro De Contacto,6:00:00,11:45:00,8:00:00
11/02/2026,julcorrea,Incapacidad Extendida,6:00:00,11:45:00,8:00:00
11/02/2026,cacedeno,Vacaciones,6:00:00,11:45:00,8:20:00
11/02/2026,celirodriguez,Centro De Contacto,6:00:00,11:45:00,8:20:00
11/02/2026,jbrugiatti,Centro De Contacto,6:00:00,11:45:00,8:20:00
11/02/2026,jballis,Centro De Contacto,6:00:00,11:45:00,8:20:00
11/02/2026,mereyes,Centro De Contacto,6:00:00,11:45:00,8:20:00
11/02/2026,siolivares,Centro De Contacto,6:00:00,11:45:00,8:20:00
11/02/2026,Jingonzalez,Centro De Contacto,6:00:00,11:45:00,8:20:00
11/02/2026,Yavallejos,Centro De Contacto,6:00:00,11:45:00,8:20:00
11/02/2026,kbennett,Centro De Contacto,6:00:00,10:15:00,7:30:00
11/02/2026,Cvillaverde,Centro De Contacto,7:00:00,12:30:00,9:10:00
11/02/2026,tpolo,Centro De Contacto,7:00:00,12:30:00,9:10:00
11/02/2026,vplicett,Centro De Contacto,7:00:00,12:30:00,9:10:00
11/02/2026,Eshernandez,Centro De Contacto,7:00:00,12:30:00,9:10:00
11/02/2026,scoke,Centro De Contacto,7:00:00,12:30:00,9:10:00
11/02/2026,dmolino,Centro De Contacto,7:00:00,12:30:00,9:10:00
11/02/2026,novilla,Centro De Contacto,7:00:00,12:30:00,9:10:00
11/02/2026,ensandoval,Centro De Contacto,7:00:00,12:30:00,9:30:00
11/02/2026,rossantamaria,Centro De Contacto,7:00:00,12:30:00,9:30:00
11/02/2026,genemoreno,Centro De Contacto,7:00:00,12:30:00,9:30:00
11/02/2026,glchanis,Centro De Contacto,7:00:00,12:30:00,9:30:00
11/02/2026,yacastro,Centro De Contacto,7:00:00,12:30:00,9:30:00
11/02/2026,noregonzalez,Centro De Contacto,7:00:00,12:30:00,9:30:00
11/02/2026,danitbatista,Centro De Contacto,7:00:00,12:30:00,9:30:00
11/02/2026,luiquijada,Centro De Contacto,9:00:00,13:00:00,10:30:00
11/02/2026,sarrodriguez,Centro De Contacto,9:00:00,13:00:00,10:30:00
11/02/2026,ivnunez,Centro De Contacto,9:00:00,13:00:00,10:30:00
11/02/2026,arenteria,Centro De Contacto,9:00:00,13:00:00,10:30:00
11/02/2026,mnoval,Centro De Contacto,9:00:00,13:00:00,10:30:00
11/02/2026,ariasanchez,Centro De Contacto,9:00:00,13:00:00,10:30:00
11/02/2026,girgonzalez,Centro De Contacto,9:00:00,13:00:00,10:30:00
11/02/2026,Melmartinez,Centro De Contacto,9:00:00,13:00:00,10:30:00
11/02/2026,locerrud,Centro De Contacto,9:00:00,13:05:00,10:45:00
11/02/2026,gman,Centro De Contacto,9:00:00,13:05:00,10:45:00
11/02/2026,gaflores,Vacaciones,9:00:00,13:05:00,10:45:00
11/02/2026,lilmoreno,Centro De Contacto,9:00:00,13:05:00,10:45:00
11/02/2026,conavarro,Centro De Contacto,9:00:00,13:05:00,10:45:00
11/02/2026,Nlondono,Centro De Contacto,9:00:00,13:05:00,10:45:00
11/02/2026,xaviles,Centro De Contacto,9:00:00,13:05:00,10:45:00
11/02/2026,erphillips,Centro De Contacto,9:00:00,13:05:00,10:45:00
12/02/2026,dancedeno,Centro De Contacto,6:00:00,11:45:00,7:00:00
12/02/2026,yamilgonzalez,Centro De Contacto,6:00:00,11:45:00,7:00:00
12/02/2026,lmartinez,Centro De Contacto,9:00:00,13:00:00,10:30:00
12/02/2026,meljaramillo,Centro De Contacto,6:00:00,11:00:00,7:00:00
12/02/2026,yetienne,Centro De Contacto,6:00:00,11:00:00,7:00:00
12/02/2026,vedelacruz,Centro De Contacto,6:00:00,11:00:00,7:00:00
12/02/2026,kdurango,Centro De Contacto,6:00:00,11:45:00,7:00:00
12/02/2026,lizisaza,Centro De Contacto,6:00:00,11:45:00,7:00:00
12/02/2026,avelez,Vacaciones,6:00:00,11:00:00,7:20:00
12/02/2026,kdominguez,Centro De Contacto,6:00:00,11:00:00,7:20:00
12/02/2026,rmontero,Centro De Contacto,6:00:00,11:00:00,7:20:00
12/02/2026,cacollado,Centro De Contacto,6:00:00,11:00:00,7:20:00
12/02/2026,Rubmorales,Centro De Contacto,6:00:00,11:00:00,7:20:00
12/02/2026,Jpile,Centro De Contacto,6:00:00,11:00:00,7:20:00
12/02/2026,mlorenzo,Centro De Contacto,6:00:00,11:00:00,7:20:00
12/02/2026,irisgomez,Licencia,6:00:00,11:00:00,7:20:00
12/02/2026,ypineda,Centro De Contacto,6:00:00,11:00:00,7:40:00
12/02/2026,raycastillero,Vacaciones,6:00:00,11:00:00,7:40:00
12/02/2026,vimoran,Centro De Contacto,6:00:00,11:00:00,7:40:00
12/02/2026,Bramirez,Vacaciones,6:00:00,11:00:00,7:40:00
12/02/2026,Ztrejos,Centro De Contacto,6:00:00,11:00:00,7:40:00
12/02/2026,Gcoronado,Centro De Contacto,6:00:00,11:00:00,7:40:00
12/02/2026,yarmunoz,Centro De Contacto,6:00:00,11:00:00,7:40:00
12/02/2026,aigraell,Centro De Contacto,6:00:00,11:00:00,7:40:00
12/02/2026,maryherrera,Centro De Contacto,6:00:00,11:45:00,8:00:00
12/02/2026,Yulrodriguez,Centro De Contacto,6:00:00,11:45:00,8:00:00
12/02/2026,lijuarez,Centro De Contacto,6:00:00,11:45:00,8:00:00
12/02/2026,Zestrada,Centro De Contacto,6:00:00,11:45:00,8:00:00
12/02/2026,gisssanchez,Centro De Contacto,6:00:00,11:45:00,8:00:00
12/02/2026,gorodriguez,Vacaciones,6:00:00,11:45:00,8:00:00
12/02/2026,inggomez,Centro De Contacto,6:00:00,11:45:00,8:00:00
12/02/2026,julcorrea,Incapacidad Extendida,6:00:00,11:45:00,8:00:00
12/02/2026,cacedeno,Vacaciones,6:00:00,11:45:00,8:20:00
12/02/2026,celirodriguez,Centro De Contacto,6:00:00,11:45:00,8:20:00
12/02/2026,jbrugiatti,Centro De Contacto,6:00:00,11:45:00,8:20:00
12/02/2026,jballis,Centro De Contacto,6:00:00,11:45:00,8:20:00
12/02/2026,mereyes,Centro De Contacto,6:00:00,11:45:00,8:20:00
12/02/2026,siolivares,Centro De Contacto,6:00:00,11:45:00,8:20:00
12/02/2026,Jingonzalez,Centro De Contacto,6:00:00,11:45:00,8:20:00
12/02/2026,Yavallejos,Centro De Contacto,6:00:00,11:45:00,8:20:00
12/02/2026,kbennett,Centro De Contacto,6:00:00,10:15:00,7:30:00
12/02/2026,Cvillaverde,Centro De Contacto,7:00:00,12:30:00,9:10:00
12/02/2026,tpolo,Centro De Contacto,7:00:00,12:30:00,9:10:00
12/02/2026,vplicett,Centro De Contacto,7:00:00,12:30:00,9:10:00
12/02/2026,Eshernandez,Centro De Contacto,7:00:00,12:30:00,9:10:00
12/02/2026,scoke,Centro De Contacto,7:00:00,12:30:00,9:10:00
12/02/2026,dmolino,Centro De Contacto,7:00:00,12:30:00,9:10:00
12/02/2026,novilla,Centro De Contacto,7:00:00,12:30:00,9:10:00
12/02/2026,ensandoval,Centro De Contacto,7:00:00,12:30:00,9:30:00
12/02/2026,rossantamaria,Centro De Contacto,7:00:00,12:30:00,9:30:00
12/02/2026,genemoreno,Centro De Contacto,7:00:00,12:30:00,9:30:00
12/02/2026,glchanis,Centro De Contacto,7:00:00,12:30:00,9:30:00
12/02/2026,yacastro,Centro De Contacto,7:00:00,12:30:00,9:30:00
12/02/2026,noregonzalez,Centro De Contacto,7:00:00,12:30:00,9:30:00
12/02/2026,danitbatista,Centro De Contacto,7:00:00,12:30:00,9:30:00
12/02/2026,luiquijada,Centro De Contacto,9:00:00,13:00:00,10:30:00
12/02/2026,sarrodriguez,Centro De Contacto,9:00:00,13:00:00,10:30:00
12/02/2026,ivnunez,Centro De Contacto,9:00:00,13:00:00,10:30:00
12/02/2026,arenteria,Centro De Contacto,9:00:00,13:00:00,10:30:00
12/02/2026,mnoval,Centro De Contacto,9:00:00,13:00:00,10:30:00
12/02/2026,ariasanchez,Centro De Contacto,9:00:00,13:00:00,10:30:00
12/02/2026,girgonzalez,Centro De Contacto,9:00:00,13:00:00,10:30:00
12/02/2026,Melmartinez,Centro De Contacto,9:00:00,13:00:00,10:30:00
12/02/2026,locerrud,Centro De Contacto,9:00:00,13:05:00,10:45:00
12/02/2026,gman,Centro De Contacto,9:00:00,13:05:00,10:45:00
12/02/2026,gaflores,Vacaciones,9:00:00,13:05:00,10:45:00
12/02/2026,lilmoreno,Centro De Contacto,9:00:00,13:05:00,10:45:00
12/02/2026,conavarro,Centro De Contacto,9:00:00,13:05:00,10:45:00
12/02/2026,Nlondono,Centro De Contacto,9:00:00,13:05:00,10:45:00
12/02/2026,xaviles,Centro De Contacto,9:00:00,13:05:00,10:45:00
12/02/2026,erphillips,Centro De Contacto,9:00:00,13:05:00,10:45:00
13/02/2026,dancedeno,Centro De Contacto,6:00:00,11:45:00,7:00:00
13/02/2026,yamilgonzalez,Centro De Contacto,6:00:00,11:45:00,7:00:00
13/02/2026,lmartinez,Centro De Contacto,9:00:00,13:00:00,10:30:00
13/02/2026,meljaramillo,Centro De Contacto,6:00:00,11:00:00,7:00:00
13/02/2026,yetienne,Centro De Contacto,6:00:00,11:00:00,7:00:00
13/02/2026,vedelacruz,Centro De Contacto,6:00:00,11:00:00,7:00:00
13/02/2026,kdurango,Centro De Contacto,6:00:00,11:45:00,7:00:00
13/02/2026,lizisaza,Centro De Contacto,6:00:00,11:45:00,7:00:00
13/02/2026,avelez,Vacaciones,6:00:00,11:00:00,7:20:00
13/02/2026,kdominguez,Centro De Contacto,6:00:00,11:00:00,7:20:00
13/02/2026,rmontero,Centro De Contacto,6:00:00,11:00:00,7:20:00
13/02/2026,cacollado,Centro De Contacto,6:00:00,11:00:00,7:20:00
13/02/2026,Rubmorales,Centro De Contacto,6:00:00,11:00:00,7:20:00
13/02/2026,Jpile,Centro De Contacto,6:00:00,11:00:00,7:20:00
13/02/2026,mlorenzo,Centro De Contacto,6:00:00,11:00:00,7:20:00
13/02/2026,irisgomez,Licencia,6:00:00,11:00:00,7:20:00
13/02/2026,ypineda,Centro De Contacto,6:00:00,11:00:00,7:40:00
13/02/2026,raycastillero,Vacaciones,6:00:00,11:00:00,7:40:00
13/02/2026,vimoran,Centro De Contacto,6:00:00,11:00:00,7:40:00
13/02/2026,Bramirez,Vacaciones,6:00:00,11:00:00,7:40:00
13/02/2026,Ztrejos,Centro De Contacto,6:00:00,11:00:00,7:40:00
13/02/2026,Gcoronado,Centro De Contacto,6:00:00,11:00:00,7:40:00
13/02/2026,yarmunoz,Centro De Contacto,6:00:00,11:00:00,7:40:00
13/02/2026,aigraell,Centro De Contacto,6:00:00,11:00:00,7:40:00
13/02/2026,maryherrera,Centro De Contacto,6:00:00,11:45:00,8:00:00
13/02/2026,Yulrodriguez,Centro De Contacto,6:00:00,11:45:00,8:00:00
13/02/2026,lijuarez,Centro De Contacto,6:00:00,11:45:00,8:00:00
13/02/2026,Zestrada,Centro De Contacto,6:00:00,11:45:00,8:00:00
13/02/2026,gisssanchez,Centro De Contacto,6:00:00,11:45:00,8:00:00
13/02/2026,gorodriguez,Vacaciones,6:00:00,11:45:00,8:00:00
13/02/2026,inggomez,Centro De Contacto,6:00:00,11:45:00,8:00:00
13/02/2026,julcorrea,Incapacidad Extendida,6:00:00,11:45:00,8:00:00
13/02/2026,cacedeno,Vacaciones,6:00:00,11:45:00,8:20:00
13/02/2026,celirodriguez,Centro De Contacto,6:00:00,11:45:00,8:20:00
13/02/2026,jbrugiatti,Centro De Contacto,6:00:00,11:45:00,8:20:00
13/02/2026,jballis,Centro De Contacto,6:00:00,11:45:00,8:20:00
13/02/2026,mereyes,Centro De Contacto,6:00:00,11:45:00,8:20:00
13/02/2026,siolivares,Centro De Contacto,6:00:00,11:45:00,8:20:00
13/02/2026,Jingonzalez,Centro De Contacto,6:00:00,11:45:00,8:20:00
13/02/2026,Yavallejos,Centro De Contacto,6:00:00,11:45:00,8:20:00
13/02/2026,kbennett,Centro De Contacto,6:00:00,10:15:00,7:30:00
13/02/2026,Cvillaverde,Centro De Contacto,7:00:00,12:30:00,9:10:00
13/02/2026,tpolo,Centro De Contacto,7:00:00,12:30:00,9:10:00
13/02/2026,vplicett,Centro De Contacto,7:00:00,12:30:00,9:10:00
13/02/2026,Eshernandez,Centro De Contacto,7:00:00,12:30:00,9:10:00
13/02/2026,scoke,Centro De Contacto,7:00:00,12:30:00,9:10:00
13/02/2026,dmolino,Centro De Contacto,7:00:00,12:30:00,9:10:00
13/02/2026,novilla,Centro De Contacto,7:00:00,12:30:00,9:10:00
13/02/2026,ensandoval,Centro De Contacto,7:00:00,12:30:00,9:30:00
13/02/2026,rossantamaria,Centro De Contacto,7:00:00,12:30:00,9:30:00
13/02/2026,genemoreno,Centro De Contacto,7:00:00,12:30:00,9:30:00
13/02/2026,glchanis,Centro De Contacto,7:00:00,12:30:00,9:30:00
13/02/2026,yacastro,Centro De Contacto,7:00:00,12:30:00,9:30:00
13/02/2026,noregonzalez,Centro De Contacto,7:00:00,12:30:00,9:30:00
13/02/2026,danitbatista,Centro De Contacto,7:00:00,12:30:00,9:30:00
13/02/2026,luiquijada,Centro De Contacto,9:00:00,13:00:00,10:30:00
13/02/2026,sarrodriguez,Centro De Contacto,9:00:00,13:00:00,10:30:00
13/02/2026,ivnunez,Centro De Contacto,9:00:00,13:00:00,10:30:00
13/02/2026,arenteria,Centro De Contacto,9:00:00,13:00:00,10:30:00
13/02/2026,mnoval,Centro De Contacto,9:00:00,13:00:00,10:30:00
13/02/2026,ariasanchez,Centro De Contacto,9:00:00,13:00:00,10:30:00
13/02/2026,girgonzalez,Centro De Contacto,9:00:00,13:00:00,10:30:00
13/02/2026,Melmartinez,Centro De Contacto,9:00:00,13:00:00,10:30:00
13/02/2026,locerrud,Centro De Contacto,9:00:00,13:05:00,10:45:00
13/02/2026,gman,Centro De Contacto,9:00:00,13:05:00,10:45:00
13/02/2026,gaflores,Vacaciones,9:00:00,13:05:00,10:45:00
13/02/2026,lilmoreno,Centro De Contacto,9:00:00,13:05:00,10:45:00
13/02/2026,conavarro,Centro De Contacto,9:00:00,13:05:00,10:45:00
13/02/2026,Nlondono,Centro De Contacto,9:00:00,13:05:00,10:45:00
13/02/2026,xaviles,Centro De Contacto,9:00:00,13:05:00,10:45:00
13/02/2026,erphillips,Centro De Contacto,9:00:00,13:05:00,10:45:00
19/02/2026,maryherrera,Centro De Contacto,6:00:00,11:00:00,7:00:00
19/02/2026,Yulrodriguez,Centro De Contacto,6:00:00,11:00:00,7:00:00
19/02/2026,lijuarez,Centro De Contacto,6:00:00,11:00:00,7:00:00
19/02/2026,Zestrada,Centro De Contacto,6:00:00,11:00:00,7:00:00
19/02/2026,gisssanchez,Centro De Contacto,6:00:00,11:00:00,7:00:00
19/02/2026,gorodriguez,Vacaciones,6:00:00,11:00:00,7:00:00
19/02/2026,inggomez,Centro De Contacto,6:00:00,11:00:00,7:00:00
19/02/2026,julcorrea,Incapacidad Extendida,6:00:00,11:00:00,7:00:00
19/02/2026,ensandoval,Centro De Contacto,6:00:00,11:00:00,7:20:00
19/02/2026,rossantamaria,Centro De Contacto,6:00:00,11:00:00,7:20:00
19/02/2026,genemoreno,Centro De Contacto,6:00:00,11:00:00,7:20:00
19/02/2026,glchanis,Centro De Contacto,6:00:00,11:00:00,7:20:00
19/02/2026,yacastro,Centro De Contacto,6:00:00,11:00:00,7:20:00
19/02/2026,noregonzalez,Centro De Contacto,6:00:00,11:00:00,7:20:00
19/02/2026,danitbatista,Centro De Contacto,6:00:00,11:00:00,7:20:00
19/02/2026,luiquijada,Centro De Contacto,6:00:00,11:00:00,7:40:00
19/02/2026,sarrodriguez,Centro De Contacto,6:00:00,11:00:00,7:40:00
19/02/2026,ivnunez,Centro De Contacto,6:00:00,11:00:00,7:40:00
19/02/2026,arenteria,Centro De Contacto,6:00:00,11:00:00,7:40:00
19/02/2026,mnoval,Centro De Contacto,6:00:00,11:00:00,7:40:00
19/02/2026,ariasanchez,Centro De Contacto,6:00:00,11:00:00,7:40:00
19/02/2026,girgonzalez,Centro De Contacto,6:00:00,11:00:00,7:40:00
19/02/2026,Melmartinez,Centro De Contacto,6:00:00,11:00:00,7:40:00
19/02/2026,locerrud,Centro De Contacto,6:00:00,11:45:00,8:00:00
19/02/2026,gman,Centro De Contacto,6:00:00,11:45:00,8:00:00
19/02/2026,gaflores,Vacaciones,6:00:00,11:45:00,8:00:00
19/02/2026,lilmoreno,Centro De Contacto,6:00:00,11:45:00,8:00:00
19/02/2026,conavarro,Centro De Contacto,6:00:00,11:45:00,8:00:00
19/02/2026,Nlondono,Centro De Contacto,6:00:00,11:45:00,8:00:00
19/02/2026,xaviles,Centro De Contacto,6:00:00,11:45:00,8:00:00
19/02/2026,erphillips,Centro De Contacto,6:00:00,11:45:00,8:00:00
19/02/2026,cacedeno,Centro De Contacto,6:00:00,11:45:00,8:20:00
19/02/2026,celirodriguez,Centro De Contacto,6:00:00,11:45:00,8:20:00
19/02/2026,jbrugiatti,Centro De Contacto,6:00:00,11:45:00,8:20:00
19/02/2026,jballis,Centro De Contacto,6:00:00,11:45:00,8:20:00
19/02/2026,mereyes,Centro De Contacto,6:00:00,11:45:00,8:20:00
19/02/2026,siolivares,Centro De Contacto,6:00:00,11:45:00,8:20:00
19/02/2026,Jingonzalez,Centro De Contacto,6:00:00,11:45:00,8:20:00
19/02/2026,Yavallejos,Centro De Contacto,6:00:00,11:45:00,8:20:00
19/02/2026,ypineda,Centro De Contacto,6:00:00,11:45:00,8:40:00
19/02/2026,raycastillero,Vacaciones,6:00:00,11:45:00,8:40:00
19/02/2026,vimoran,Centro De Contacto,6:00:00,11:45:00,8:40:00
19/02/2026,Bramirez,Vacaciones,6:00:00,11:45:00,8:40:00
19/02/2026,Ztrejos,Centro De Contacto,6:00:00,11:45:00,8:40:00
19/02/2026,Gcoronado,Centro De Contacto,6:00:00,11:45:00,8:40:00
19/02/2026,yarmunoz,Centro De Contacto,6:00:00,11:45:00,8:40:00
19/02/2026,aigraell,Centro De Contacto,6:00:00,11:45:00,8:40:00
19/02/2026,kbennett,Centro De Contacto,6:00:00,10:15:00,7:30:00
19/02/2026,Cvillaverde,Centro De Contacto,9:00:00,13:00:00,10:10:00
19/02/2026,tpolo,Centro De Contacto,9:00:00,13:00:00,10:10:00
19/02/2026,vplicett,Centro De Contacto,9:00:00,13:00:00,10:10:00
19/02/2026,Eshernandez,Centro De Contacto,9:00:00,13:00:00,10:10:00
19/02/2026,scoke,Centro De Contacto,9:00:00,13:00:00,10:10:00
19/02/2026,dmolino,Centro De Contacto,9:00:00,13:00:00,10:10:00
19/02/2026,novilla,Centro De Contacto,9:00:00,13:00:00,10:10:00
19/02/2026,dancedeno,Centro De Contacto,6:00:00,11:45:00,7:00:00
19/02/2026,yamilgonzalez,Centro De Contacto,9:00:00,13:00:00,10:30:00
19/02/2026,lmartinez,Centro De Contacto,9:00:00,13:00:00,10:30:00
19/02/2026,meljaramillo,Centro De Contacto,9:00:00,13:00:00,10:30:00
19/02/2026,yetienne,Centro De Contacto,9:00:00,13:00:00,10:30:00
19/02/2026,vedelacruz,Centro De Contacto,9:00:00,13:05:00,10:30:00
19/02/2026,kdurango,Centro De Contacto,9:00:00,13:05:00,10:30:00
19/02/2026,lizisaza,Centro De Contacto,9:00:00,13:05:00,10:30:00
19/02/2026,avelez,Vacaciones,9:00:00,13:05:00,10:45:00
19/02/2026,kdominguez,Centro De Contacto,9:00:00,13:05:00,10:45:00
19/02/2026,rmontero,Centro De Contacto,9:00:00,13:05:00,10:45:00
19/02/2026,cacollado,Centro De Contacto,9:00:00,13:05:00,10:45:00
19/02/2026,Rubmorales,Centro De Contacto,9:00:00,13:05:00,10:45:00
19/02/2026,Jpile,Centro De Contacto,9:00:00,13:05:00,10:45:00
19/02/2026,mlorenzo,Centro De Contacto,9:00:00,13:05:00,10:45:00
19/02/2026,irisgomez,Licencia,9:00:00,13:05:00,10:45:00
20/02/2026,maryherrera,Centro De Contacto,6:00:00,11:00:00,7:00:00
20/02/2026,Yulrodriguez,Centro De Contacto,6:00:00,11:00:00,7:00:00
20/02/2026,lijuarez,Centro De Contacto,6:00:00,11:00:00,7:00:00
20/02/2026,Zestrada,Centro De Contacto,6:00:00,11:00:00,7:00:00
20/02/2026,gisssanchez,Centro De Contacto,6:00:00,11:00:00,7:00:00
20/02/2026,gorodriguez,Vacaciones,6:00:00,11:00:00,7:00:00
20/02/2026,inggomez,Centro De Contacto,6:00:00,11:00:00,7:00:00
20/02/2026,julcorrea,Incapacidad Extendida,6:00:00,11:00:00,7:00:00
20/02/2026,ensandoval,Centro De Contacto,6:00:00,11:00:00,7:20:00
20/02/2026,rossantamaria,Centro De Contacto,6:00:00,11:00:00,7:20:00
20/02/2026,genemoreno,Centro De Contacto,6:00:00,11:00:00,7:20:00
20/02/2026,glchanis,Centro De Contacto,6:00:00,11:00:00,7:20:00
20/02/2026,yacastro,Centro De Contacto,6:00:00,11:00:00,7:20:00
20/02/2026,noregonzalez,Centro De Contacto,6:00:00,11:00:00,7:20:00
20/02/2026,danitbatista,Centro De Contacto,6:00:00,11:00:00,7:20:00
20/02/2026,luiquijada,Centro De Contacto,6:00:00,11:00:00,7:40:00
20/02/2026,sarrodriguez,Centro De Contacto,6:00:00,11:00:00,7:40:00
20/02/2026,ivnunez,Centro De Contacto,6:00:00,11:00:00,7:40:00
20/02/2026,arenteria,Centro De Contacto,6:00:00,11:00:00,7:40:00
20/02/2026,mnoval,Centro De Contacto,6:00:00,11:00:00,7:40:00
20/02/2026,ariasanchez,Centro De Contacto,6:00:00,11:00:00,7:40:00
20/02/2026,girgonzalez,Centro De Contacto,6:00:00,11:00:00,7:40:00
20/02/2026,Melmartinez,Centro De Contacto,6:00:00,11:00:00,7:40:00
20/02/2026,locerrud,Centro De Contacto,6:00:00,11:45:00,8:00:00
20/02/2026,gman,Centro De Contacto,6:00:00,11:45:00,8:00:00
20/02/2026,gaflores,Vacaciones,6:00:00,11:45:00,8:00:00
20/02/2026,lilmoreno,Centro De Contacto,6:00:00,11:45:00,8:00:00
20/02/2026,conavarro,Centro De Contacto,6:00:00,11:45:00,8:00:00
20/02/2026,Nlondono,Centro De Contacto,6:00:00,11:45:00,8:00:00
20/02/2026,xaviles,Centro De Contacto,6:00:00,11:45:00,8:00:00
20/02/2026,erphillips,Centro De Contacto,6:00:00,11:45:00,8:00:00
20/02/2026,cacedeno,Centro De Contacto,6:00:00,11:45:00,8:20:00
20/02/2026,celirodriguez,Centro De Contacto,6:00:00,11:45:00,8:20:00
20/02/2026,jbrugiatti,Centro De Contacto,6:00:00,11:45:00,8:20:00
20/02/2026,jballis,Centro De Contacto,6:00:00,11:45:00,8:20:00
20/02/2026,mereyes,Centro De Contacto,6:00:00,11:45:00,8:20:00
20/02/2026,siolivares,Centro De Contacto,6:00:00,11:45:00,8:20:00
20/02/2026,Jingonzalez,Centro De Contacto,6:00:00,11:45:00,8:20:00
20/02/2026,Yavallejos,Centro De Contacto,6:00:00,11:45:00,8:20:00
20/02/2026,ypineda,Centro De Contacto,6:00:00,11:45:00,8:40:00
20/02/2026,raycastillero,Vacaciones,6:00:00,11:45:00,8:40:00
20/02/2026,vimoran,Centro De Contacto,6:00:00,11:45:00,8:40:00
20/02/2026,Bramirez,Vacaciones,6:00:00,11:45:00,8:40:00
20/02/2026,Ztrejos,Centro De Contacto,6:00:00,11:45:00,8:40:00
20/02/2026,Gcoronado,Centro De Contacto,6:00:00,11:45:00,8:40:00
20/02/2026,yarmunoz,Centro De Contacto,6:00:00,11:45:00,8:40:00
20/02/2026,aigraell,Centro De Contacto,6:00:00,11:45:00,8:40:00
20/02/2026,kbennett,Centro De Contacto,6:00:00,10:15:00,7:30:00
20/02/2026,Cvillaverde,Centro De Contacto,9:00:00,13:00:00,10:10:00
20/02/2026,tpolo,Centro De Contacto,9:00:00,13:00:00,10:10:00
20/02/2026,vplicett,Centro De Contacto,9:00:00,13:00:00,10:10:00
20/02/2026,Eshernandez,Centro De Contacto,9:00:00,13:00:00,10:10:00
20/02/2026,scoke,Centro De Contacto,9:00:00,13:00:00,10:10:00
20/02/2026,dmolino,Centro De Contacto,9:00:00,13:00:00,10:10:00
20/02/2026,novilla,Centro De Contacto,9:00:00,13:00:00,10:10:00
20/02/2026,dancedeno,Centro De Contacto,6:00:00,11:45:00,7:00:00
20/02/2026,yamilgonzalez,Centro De Contacto,9:00:00,13:00:00,10:30:00
20/02/2026,lmartinez,Centro De Contacto,9:00:00,13:00:00,10:30:00
20/02/2026,meljaramillo,Centro De Contacto,9:00:00,13:00:00,10:30:00
20/02/2026,yetienne,Centro De Contacto,9:00:00,13:00:00,10:30:00
20/02/2026,vedelacruz,Centro De Contacto,9:00:00,13:05:00,10:30:00
20/02/2026,kdurango,Centro De Contacto,9:00:00,13:05:00,10:30:00
20/02/2026,lizisaza,Centro De Contacto,9:00:00,13:05:00,10:30:00
20/02/2026,avelez,Vacaciones,9:00:00,13:05:00,10:45:00
20/02/2026,kdominguez,Centro De Contacto,9:00:00,13:05:00,10:45:00
20/02/2026,rmontero,Centro De Contacto,9:00:00,13:05:00,10:45:00
20/02/2026,cacollado,Centro De Contacto,9:00:00,13:05:00,10:45:00
20/02/2026,Rubmorales,Centro De Contacto,9:00:00,13:05:00,10:45:00
20/02/2026,Jpile,Centro De Contacto,9:00:00,13:05:00,10:45:00
20/02/2026,mlorenzo,Centro De Contacto,9:00:00,13:05:00,10:45:00
20/02/2026,irisgomez,Licencia,9:00:00,13:05:00,10:45:00
23/02/2026,dancedeno,Centro De Contacto,6:00:00,11:00:00,7:00:00
23/02/2026,yamilgonzalez,Centro De Contacto,6:00:00,11:00:00,7:00:00
23/02/2026,lmartinez,Centro De Contacto,9:00:00,13:00:00,10:30:00
23/02/2026,meljaramillo,Centro De Contacto,6:00:00,11:00:00,7:00:00
23/02/2026,yetienne,Centro De Contacto,6:00:00,11:00:00,7:00:00
23/02/2026,vedelacruz,Centro De Contacto,6:00:00,11:00:00,7:00:00
23/02/2026,kdurango,Centro De Contacto,6:00:00,11:00:00,7:00:00
23/02/2026,lizisaza,Centro De Contacto,6:00:00,11:00:00,7:00:00
23/02/2026,avelez,Vacaciones,6:00:00,11:00:00,7:20:00
23/02/2026,kdominguez,Centro De Contacto,6:00:00,11:00:00,7:20:00
23/02/2026,rmontero,Centro De Contacto,6:00:00,11:00:00,7:20:00
23/02/2026,cacollado,Centro De Contacto,6:00:00,11:00:00,7:20:00
23/02/2026,Rubmorales,Centro De Contacto,6:00:00,11:00:00,7:20:00
23/02/2026,Jpile,Centro De Contacto,6:00:00,11:00:00,7:20:00
23/02/2026,mlorenzo,Centro De Contacto,6:00:00,11:00:00,7:20:00
23/02/2026,irisgomez,Licencia,6:00:00,11:00:00,7:20:00
23/02/2026,kbennett,Centro De Contacto,6:00:00,11:00:00,7:40:00
23/02/2026,Cvillaverde,Centro De Contacto,6:00:00,11:00:00,7:40:00
23/02/2026,tpolo,Centro De Contacto,6:00:00,11:00:00,7:40:00
23/02/2026,vplicett,Centro De Contacto,6:00:00,11:00:00,7:40:00
23/02/2026,Eshernandez,Centro De Contacto,6:00:00,11:00:00,7:40:00
23/02/2026,scoke,Centro De Contacto,6:00:00,11:00:00,7:40:00
23/02/2026,dmolino,Centro De Contacto,6:00:00,11:00:00,7:40:00
23/02/2026,novilla,Centro De Contacto,6:00:00,11:45:00,7:40:00
23/02/2026,locerrud,Centro De Contacto,6:00:00,11:45:00,8:00:00
23/02/2026,gman,Centro De Contacto,6:00:00,11:45:00,8:00:00
23/02/2026,gaflores,Vacaciones,6:00:00,11:45:00,8:00:00
23/02/2026,lilmoreno,Centro De Contacto,6:00:00,11:45:00,8:00:00
23/02/2026,conavarro,Centro De Contacto,6:00:00,11:45:00,8:00:00
23/02/2026,Nlondono,Centro De Contacto,6:00:00,11:45:00,8:00:00
23/02/2026,xaviles,Centro De Contacto,6:00:00,11:45:00,8:00:00
23/02/2026,erphillips,Centro De Contacto,6:00:00,11:45:00,8:00:00
23/02/2026,luiquijada,Centro De Contacto,6:00:00,11:45:00,8:20:00
23/02/2026,sarrodriguez,Centro De Contacto,6:00:00,11:45:00,8:20:00
23/02/2026,ivnunez,Centro De Contacto,6:00:00,11:45:00,8:20:00
23/02/2026,arenteria,Centro De Contacto,6:00:00,11:45:00,8:20:00
23/02/2026,mnoval,Centro De Contacto,6:00:00,11:45:00,8:20:00
23/02/2026,ariasanchez,Centro De Contacto,6:00:00,11:45:00,8:20:00
23/02/2026,girgonzalez,Centro De Contacto,6:00:00,11:45:00,8:20:00
23/02/2026,Melmartinez,Centro De Contacto,6:00:00,11:45:00,8:20:00
23/02/2026,maryherrera,Centro De Contacto,6:00:00,11:45:00,8:40:00
23/02/2026,Yulrodriguez,Centro De Contacto,6:00:00,11:45:00,8:40:00
23/02/2026,lijuarez,Centro De Contacto,6:00:00,11:45:00,8:40:00
23/02/2026,Zestrada,Centro De Contacto,6:00:00,11:45:00,8:40:00
23/02/2026,gisssanchez,Centro De Contacto,6:00:00,11:45:00,8:40:00
23/02/2026,gorodriguez,Vacaciones,6:00:00,11:45:00,8:40:00
23/02/2026,inggomez,Centro De Contacto,6:00:00,11:45:00,8:40:00
23/02/2026,julcorrea,Incapacidad Extendida,6:00:00,11:45:00,8:40:00
23/02/2026,cacedeno,Centro De Contacto,9:00:00,13:00:00,10:10:00
23/02/2026,celirodriguez,Centro De Contacto,9:00:00,13:00:00,10:10:00
23/02/2026,jbrugiatti,Centro De Contacto,9:00:00,13:00:00,10:10:00
23/02/2026,jballis,Centro De Contacto,9:00:00,13:00:00,10:10:00
23/02/2026,mereyes,Centro De Contacto,9:00:00,13:00:00,10:10:00
23/02/2026,siolivares,Centro De Contacto,9:00:00,13:00:00,10:10:00
23/02/2026,Jingonzalez,Centro De Contacto,9:00:00,13:00:00,10:10:00
23/02/2026,Yavallejos,Centro De Contacto,9:00:00,13:00:00,10:10:00
23/02/2026,ensandoval,Centro De Contacto,9:00:00,13:00:00,10:30:00
23/02/2026,rossantamaria,Centro De Contacto,9:00:00,13:00:00,10:30:00
23/02/2026,genemoreno,Centro De Contacto,9:00:00,13:00:00,10:30:00
23/02/2026,glchanis,Centro De Contacto,9:00:00,13:00:00,10:30:00
23/02/2026,yacastro,Centro De Contacto,9:00:00,13:05:00,10:30:00
23/02/2026,noregonzalez,Centro De Contacto,9:00:00,13:05:00,10:30:00
23/02/2026,danitbatista,Centro De Contacto,9:00:00,13:05:00,10:30:00
23/02/2026,ypineda,Centro De Contacto,9:00:00,13:05:00,10:45:00
23/02/2026,raycastillero,Vacaciones,9:00:00,13:05:00,10:45:00
23/02/2026,vimoran,Centro De Contacto,9:00:00,13:05:00,10:45:00
23/02/2026,Bramirez,Vacaciones,9:00:00,13:05:00,10:45:00
23/02/2026,Ztrejos,Centro De Contacto,9:00:00,13:05:00,10:45:00
23/02/2026,Gcoronado,Centro De Contacto,9:00:00,13:05:00,10:45:00
23/02/2026,yarmunoz,Centro De Contacto,9:00:00,13:05:00,10:45:00
23/02/2026,aigraell,Centro De Contacto,9:00:00,13:05:00,10:45:00
24/02/2026,dancedeno,Centro De Contacto,6:00:00,11:00:00,7:00:00
24/02/2026,yamilgonzalez,Centro De Contacto,6:00:00,11:00:00,7:00:00
24/02/2026,lmartinez,Centro De Contacto,9:00:00,13:00:00,10:30:00
24/02/2026,meljaramillo,Centro De Contacto,6:00:00,11:00:00,7:00:00
24/02/2026,yetienne,Centro De Contacto,6:00:00,11:00:00,7:00:00
24/02/2026,vedelacruz,Centro De Contacto,6:00:00,11:00:00,7:00:00
24/02/2026,kdurango,Centro De Contacto,6:00:00,11:00:00,7:00:00
24/02/2026,lizisaza,Centro De Contacto,6:00:00,11:00:00,7:00:00
24/02/2026,avelez,Vacaciones,6:00:00,11:00:00,7:20:00
24/02/2026,kdominguez,Centro De Contacto,6:00:00,11:00:00,7:20:00
24/02/2026,rmontero,Centro De Contacto,6:00:00,11:00:00,7:20:00
24/02/2026,cacollado,Centro De Contacto,6:00:00,11:00:00,7:20:00
24/02/2026,Rubmorales,Centro De Contacto,6:00:00,11:00:00,7:20:00
24/02/2026,Jpile,Centro De Contacto,6:00:00,11:00:00,7:20:00
24/02/2026,mlorenzo,Centro De Contacto,6:00:00,11:00:00,7:20:00
24/02/2026,irisgomez,Licencia,6:00:00,11:00:00,7:20:00
24/02/2026,kbennett,Centro De Contacto,6:00:00,11:00:00,7:40:00
24/02/2026,Cvillaverde,Centro De Contacto,6:00:00,11:00:00,7:40:00
24/02/2026,tpolo,Centro De Contacto,6:00:00,11:00:00,7:40:00
24/02/2026,vplicett,Centro De Contacto,6:00:00,11:00:00,7:40:00
24/02/2026,Eshernandez,Centro De Contacto,6:00:00,11:00:00,7:40:00
24/02/2026,scoke,Centro De Contacto,6:00:00,11:00:00,7:40:00
24/02/2026,dmolino,Centro De Contacto,6:00:00,11:00:00,7:40:00
24/02/2026,novilla,Centro De Contacto,6:00:00,11:45:00,7:40:00
24/02/2026,locerrud,Centro De Contacto,6:00:00,11:45:00,8:00:00
24/02/2026,gman,Centro De Contacto,6:00:00,11:45:00,8:00:00
24/02/2026,gaflores,Vacaciones,6:00:00,11:45:00,8:00:00
24/02/2026,lilmoreno,Centro De Contacto,6:00:00,11:45:00,8:00:00
24/02/2026,conavarro,Centro De Contacto,6:00:00,11:45:00,8:00:00
24/02/2026,Nlondono,Centro De Contacto,6:00:00,11:45:00,8:00:00
24/02/2026,xaviles,Centro De Contacto,6:00:00,11:45:00,8:00:00
24/02/2026,erphillips,Centro De Contacto,6:00:00,11:45:00,8:00:00
24/02/2026,luiquijada,Centro De Contacto,6:00:00,11:45:00,8:20:00
24/02/2026,sarrodriguez,Centro De Contacto,6:00:00,11:45:00,8:20:00
24/02/2026,ivnunez,Centro De Contacto,6:00:00,11:45:00,8:20:00
24/02/2026,arenteria,Centro De Contacto,6:00:00,11:45:00,8:20:00
24/02/2026,mnoval,Centro De Contacto,6:00:00,11:45:00,8:20:00
24/02/2026,ariasanchez,Centro De Contacto,6:00:00,11:45:00,8:20:00
24/02/2026,girgonzalez,Centro De Contacto,6:00:00,11:45:00,8:20:00
24/02/2026,Melmartinez,Centro De Contacto,6:00:00,11:45:00,8:20:00
24/02/2026,maryherrera,Centro De Contacto,6:00:00,11:45:00,8:40:00
24/02/2026,Yulrodriguez,Centro De Contacto,6:00:00,11:45:00,8:40:00
24/02/2026,lijuarez,Centro De Contacto,6:00:00,11:45:00,8:40:00
24/02/2026,Zestrada,Centro De Contacto,6:00:00,11:45:00,8:40:00
24/02/2026,gisssanchez,Centro De Contacto,6:00:00,11:45:00,8:40:00
24/02/2026,gorodriguez,Vacaciones,6:00:00,11:45:00,8:40:00
24/02/2026,inggomez,Centro De Contacto,6:00:00,11:45:00,8:40:00
24/02/2026,julcorrea,Incapacidad Extendida,6:00:00,11:45:00,8:40:00
24/02/2026,cacedeno,Centro De Contacto,9:00:00,13:00:00,10:10:00
24/02/2026,celirodriguez,Centro De Contacto,9:00:00,13:00:00,10:10:00
24/02/2026,jbrugiatti,Centro De Contacto,9:00:00,13:00:00,10:10:00
24/02/2026,jballis,Centro De Contacto,9:00:00,13:00:00,10:10:00
24/02/2026,mereyes,Centro De Contacto,9:00:00,13:00:00,10:10:00
24/02/2026,siolivares,Centro De Contacto,9:00:00,13:00:00,10:10:00
24/02/2026,Jingonzalez,Centro De Contacto,9:00:00,13:00:00,10:10:00
24/02/2026,Yavallejos,Centro De Contacto,9:00:00,13:00:00,10:10:00
24/02/2026,ensandoval,Centro De Contacto,9:00:00,13:00:00,10:30:00
24/02/2026,rossantamaria,Centro De Contacto,9:00:00,13:00:00,10:30:00
24/02/2026,genemoreno,Centro De Contacto,9:00:00,13:00:00,10:30:00
24/02/2026,glchanis,Centro De Contacto,9:00:00,13:00:00,10:30:00
24/02/2026,yacastro,Centro De Contacto,9:00:00,13:05:00,10:30:00
24/02/2026,noregonzalez,Centro De Contacto,9:00:00,13:05:00,10:30:00
24/02/2026,danitbatista,Centro De Contacto,9:00:00,13:05:00,10:30:00
24/02/2026,ypineda,Centro De Contacto,9:00:00,13:05:00,10:45:00
24/02/2026,raycastillero,Vacaciones,9:00:00,13:05:00,10:45:00
24/02/2026,vimoran,Centro De Contacto,9:00:00,13:05:00,10:45:00
24/02/2026,Bramirez,Vacaciones,9:00:00,13:05:00,10:45:00
24/02/2026,Ztrejos,Centro De Contacto,9:00:00,13:05:00,10:45:00
24/02/2026,Gcoronado,Centro De Contacto,9:00:00,13:05:00,10:45:00
24/02/2026,yarmunoz,Centro De Contacto,9:00:00,13:05:00,10:45:00
24/02/2026,aigraell,Centro De Contacto,9:00:00,13:05:00,10:45:00
25/02/2026,dancedeno,Centro De Contacto,6:00:00,11:00:00,7:00:00
25/02/2026,yamilgonzalez,Centro De Contacto,6:00:00,11:00:00,7:00:00
25/02/2026,lmartinez,Centro De Contacto,9:00:00,13:00:00,10:30:00
25/02/2026,meljaramillo,Centro De Contacto,6:00:00,11:00:00,7:00:00
25/02/2026,yetienne,Centro De Contacto,6:00:00,11:00:00,7:00:00
25/02/2026,vedelacruz,Centro De Contacto,6:00:00,11:00:00,7:00:00
25/02/2026,kdurango,Centro De Contacto,6:00:00,11:00:00,7:00:00
25/02/2026,lizisaza,Centro De Contacto,6:00:00,11:00:00,7:00:00
25/02/2026,avelez,Vacaciones,6:00:00,11:00:00,7:20:00
25/02/2026,kdominguez,Centro De Contacto,6:00:00,11:00:00,7:20:00
25/02/2026,rmontero,Centro De Contacto,6:00:00,11:00:00,7:20:00
25/02/2026,cacollado,Centro De Contacto,6:00:00,11:00:00,7:20:00
25/02/2026,Rubmorales,Centro De Contacto,6:00:00,11:00:00,7:20:00
25/02/2026,Jpile,Centro De Contacto,6:00:00,11:00:00,7:20:00
25/02/2026,mlorenzo,Centro De Contacto,6:00:00,11:00:00,7:20:00
25/02/2026,irisgomez,Licencia,6:00:00,11:00:00,7:20:00
25/02/2026,kbennett,Centro De Contacto,6:00:00,11:00:00,7:40:00
25/02/2026,Cvillaverde,Centro De Contacto,6:00:00,11:00:00,7:40:00
25/02/2026,tpolo,Centro De Contacto,6:00:00,11:00:00,7:40:00
25/02/2026,vplicett,Centro De Contacto,6:00:00,11:00:00,7:40:00
25/02/2026,Eshernandez,Centro De Contacto,6:00:00,11:00:00,7:40:00
25/02/2026,scoke,Centro De Contacto,6:00:00,11:00:00,7:40:00
25/02/2026,dmolino,Centro De Contacto,6:00:00,11:00:00,7:40:00
25/02/2026,novilla,Centro De Contacto,6:00:00,11:45:00,7:40:00
25/02/2026,locerrud,Centro De Contacto,6:00:00,11:45:00,8:00:00
25/02/2026,gman,Centro De Contacto,6:00:00,11:45:00,8:00:00
25/02/2026,gaflores,Vacaciones,6:00:00,11:45:00,8:00:00
25/02/2026,lilmoreno,Centro De Contacto,6:00:00,11:45:00,8:00:00
25/02/2026,conavarro,Centro De Contacto,6:00:00,11:45:00,8:00:00
25/02/2026,Nlondono,Centro De Contacto,6:00:00,11:45:00,8:00:00
25/02/2026,xaviles,Centro De Contacto,6:00:00,11:45:00,8:00:00
25/02/2026,erphillips,Centro De Contacto,6:00:00,11:45:00,8:00:00
25/02/2026,luiquijada,Centro De Contacto,6:00:00,11:45:00,8:20:00
25/02/2026,sarrodriguez,Centro De Contacto,6:00:00,11:45:00,8:20:00
25/02/2026,ivnunez,Centro De Contacto,6:00:00,11:45:00,8:20:00
25/02/2026,arenteria,Centro De Contacto,6:00:00,11:45:00,8:20:00
25/02/2026,mnoval,Centro De Contacto,6:00:00,11:45:00,8:20:00
25/02/2026,ariasanchez,Centro De Contacto,6:00:00,11:45:00,8:20:00
25/02/2026,girgonzalez,Centro De Contacto,6:00:00,11:45:00,8:20:00
25/02/2026,Melmartinez,Centro De Contacto,6:00:00,11:45:00,8:20:00
25/02/2026,maryherrera,Centro De Contacto,6:00:00,11:45:00,8:40:00
25/02/2026,Yulrodriguez,Centro De Contacto,6:00:00,11:45:00,8:40:00
25/02/2026,lijuarez,Centro De Contacto,6:00:00,11:45:00,8:40:00
25/02/2026,Zestrada,Centro De Contacto,6:00:00,11:45:00,8:40:00
25/02/2026,gisssanchez,Centro De Contacto,6:00:00,11:45:00,8:40:00
25/02/2026,gorodriguez,Vacaciones,6:00:00,11:45:00,8:40:00
25/02/2026,inggomez,Centro De Contacto,6:00:00,11:45:00,8:40:00
25/02/2026,julcorrea,Incapacidad Extendida,6:00:00,11:45:00,8:40:00
25/02/2026,cacedeno,Centro De Contacto,9:00:00,13:00:00,10:10:00
25/02/2026,celirodriguez,Centro De Contacto,9:00:00,13:00:00,10:10:00
25/02/2026,jbrugiatti,Centro De Contacto,9:00:00,13:00:00,10:10:00
25/02/2026,jballis,Centro De Contacto,9:00:00,13:00:00,10:10:00
25/02/2026,mereyes,Centro De Contacto,9:00:00,13:00:00,10:10:00
25/02/2026,siolivares,Centro De Contacto,9:00:00,13:00:00,10:10:00
25/02/2026,Jingonzalez,Centro De Contacto,9:00:00,13:00:00,10:10:00
25/02/2026,Yavallejos,Centro De Contacto,9:00:00,13:00:00,10:10:00
25/02/2026,ensandoval,Centro De Contacto,9:00:00,13:00:00,10:30:00
25/02/2026,rossantamaria,Centro De Contacto,9:00:00,13:00:00,10:30:00
25/02/2026,genemoreno,Centro De Contacto,9:00:00,13:00:00,10:30:00
25/02/2026,glchanis,Centro De Contacto,9:00:00,13:00:00,10:30:00
25/02/2026,yacastro,Centro De Contacto,9:00:00,13:05:00,10:30:00
25/02/2026,noregonzalez,Centro De Contacto,9:00:00,13:05:00,10:30:00
25/02/2026,danitbatista,Centro De Contacto,9:00:00,13:05:00,10:30:00
25/02/2026,ypineda,Centro De Contacto,9:00:00,13:05:00,10:45:00
25/02/2026,raycastillero,Vacaciones,9:00:00,13:05:00,10:45:00
25/02/2026,vimoran,Centro De Contacto,9:00:00,13:05:00,10:45:00
25/02/2026,Bramirez,Vacaciones,9:00:00,13:05:00,10:45:00
25/02/2026,Ztrejos,Centro De Contacto,9:00:00,13:05:00,10:45:00
25/02/2026,Gcoronado,Centro De Contacto,9:00:00,13:05:00,10:45:00
25/02/2026,yarmunoz,Centro De Contacto,9:00:00,13:05:00,10:45:00
25/02/2026,aigraell,Centro De Contacto,9:00:00,13:05:00,10:45:00
26/02/2026,dancedeno,Centro De Contacto,6:00:00,11:00:00,7:00:00
26/02/2026,yamilgonzalez,Centro De Contacto,6:00:00,11:00:00,7:00:00
26/02/2026,lmartinez,Centro De Contacto,9:00:00,13:00:00,10:30:00
26/02/2026,meljaramillo,Centro De Contacto,6:00:00,11:00:00,7:00:00
26/02/2026,yetienne,Centro De Contacto,6:00:00,11:00:00,7:00:00
26/02/2026,vedelacruz,Centro De Contacto,6:00:00,11:00:00,7:00:00
26/02/2026,kdurango,Centro De Contacto,6:00:00,11:00:00,7:00:00
26/02/2026,lizisaza,Centro De Contacto,6:00:00,11:00:00,7:00:00
26/02/2026,avelez,Vacaciones,6:00:00,11:00:00,7:20:00
26/02/2026,kdominguez,Centro De Contacto,6:00:00,11:00:00,7:20:00
26/02/2026,rmontero,Centro De Contacto,6:00:00,11:00:00,7:20:00
26/02/2026,cacollado,Centro De Contacto,6:00:00,11:00:00,7:20:00
26/02/2026,Rubmorales,Centro De Contacto,6:00:00,11:00:00,7:20:00
26/02/2026,Jpile,Centro De Contacto,6:00:00,11:00:00,7:20:00
26/02/2026,mlorenzo,Centro De Contacto,6:00:00,11:00:00,7:20:00
26/02/2026,irisgomez,Licencia,6:00:00,11:00:00,7:20:00
26/02/2026,kbennett,Centro De Contacto,6:00:00,11:00:00,7:40:00
26/02/2026,Cvillaverde,Centro De Contacto,6:00:00,11:00:00,7:40:00
26/02/2026,tpolo,Centro De Contacto,6:00:00,11:00:00,7:40:00
26/02/2026,vplicett,Centro De Contacto,6:00:00,11:00:00,7:40:00
26/02/2026,Eshernandez,Centro De Contacto,6:00:00,11:00:00,7:40:00
26/02/2026,scoke,Centro De Contacto,6:00:00,11:00:00,7:40:00
26/02/2026,dmolino,Centro De Contacto,6:00:00,11:00:00,7:40:00
26/02/2026,novilla,Centro De Contacto,6:00:00,11:45:00,7:40:00
26/02/2026,locerrud,Centro De Contacto,6:00:00,11:45:00,8:00:00
26/02/2026,gman,Centro De Contacto,6:00:00,11:45:00,8:00:00
26/02/2026,gaflores,Vacaciones,6:00:00,11:45:00,8:00:00
26/02/2026,lilmoreno,Centro De Contacto,6:00:00,11:45:00,8:00:00
26/02/2026,conavarro,Centro De Contacto,6:00:00,11:45:00,8:00:00
26/02/2026,Nlondono,Centro De Contacto,6:00:00,11:45:00,8:00:00
26/02/2026,xaviles,Centro De Contacto,6:00:00,11:45:00,8:00:00
26/02/2026,erphillips,Centro De Contacto,6:00:00,11:45:00,8:00:00
26/02/2026,luiquijada,Centro De Contacto,6:00:00,11:45:00,8:20:00
26/02/2026,sarrodriguez,Centro De Contacto,6:00:00,11:45:00,8:20:00
26/02/2026,ivnunez,Centro De Contacto,6:00:00,11:45:00,8:20:00
26/02/2026,arenteria,Centro De Contacto,6:00:00,11:45:00,8:20:00
26/02/2026,mnoval,Centro De Contacto,6:00:00,11:45:00,8:20:00
26/02/2026,ariasanchez,Centro De Contacto,6:00:00,11:45:00,8:20:00
26/02/2026,girgonzalez,Centro De Contacto,6:00:00,11:45:00,8:20:00
26/02/2026,Melmartinez,Centro De Contacto,6:00:00,11:45:00,8:20:00
26/02/2026,maryherrera,Centro De Contacto,6:00:00,11:45:00,8:40:00
26/02/2026,Yulrodriguez,Centro De Contacto,6:00:00,11:45:00,8:40:00
26/02/2026,lijuarez,Centro De Contacto,6:00:00,11:45:00,8:40:00
26/02/2026,Zestrada,Centro De Contacto,6:00:00,11:45:00,8:40:00
26/02/2026,gisssanchez,Centro De Contacto,6:00:00,11:45:00,8:40:00
26/02/2026,gorodriguez,Vacaciones,6:00:00,11:45:00,8:40:00
26/02/2026,inggomez,Centro De Contacto,6:00:00,11:45:00,8:40:00
26/02/2026,julcorrea,Incapacidad Extendida,6:00:00,11:45:00,8:40:00
26/02/2026,cacedeno,Centro De Contacto,9:00:00,13:00:00,10:10:00
26/02/2026,celirodriguez,Centro De Contacto,9:00:00,13:00:00,10:10:00
26/02/2026,jbrugiatti,Centro De Contacto,9:00:00,13:00:00,10:10:00
26/02/2026,jballis,Centro De Contacto,9:00:00,13:00:00,10:10:00
26/02/2026,mereyes,Centro De Contacto,9:00:00,13:00:00,10:10:00
26/02/2026,siolivares,Centro De Contacto,9:00:00,13:00:00,10:10:00
26/02/2026,Jingonzalez,Centro De Contacto,9:00:00,13:00:00,10:10:00
26/02/2026,Yavallejos,Centro De Contacto,9:00:00,13:00:00,10:10:00
26/02/2026,ensandoval,Centro De Contacto,9:00:00,13:00:00,10:30:00
26/02/2026,rossantamaria,Centro De Contacto,9:00:00,13:00:00,10:30:00
26/02/2026,genemoreno,Centro De Contacto,9:00:00,13:00:00,10:30:00
26/02/2026,glchanis,Centro De Contacto,9:00:00,13:00:00,10:30:00
26/02/2026,yacastro,Centro De Contacto,9:00:00,13:05:00,10:30:00
26/02/2026,noregonzalez,Centro De Contacto,9:00:00,13:05:00,10:30:00
26/02/2026,danitbatista,Centro De Contacto,9:00:00,13:05:00,10:30:00
26/02/2026,ypineda,Centro De Contacto,9:00:00,13:05:00,10:45:00
26/02/2026,raycastillero,Vacaciones,9:00:00,13:05:00,10:45:00
26/02/2026,vimoran,Centro De Contacto,9:00:00,13:05:00,10:45:00
26/02/2026,Bramirez,Vacaciones,9:00:00,13:05:00,10:45:00
26/02/2026,Ztrejos,Centro De Contacto,9:00:00,13:05:00,10:45:00
26/02/2026,Gcoronado,Centro De Contacto,9:00:00,13:05:00,10:45:00
26/02/2026,yarmunoz,Centro De Contacto,9:00:00,13:05:00,10:45:00
26/02/2026,aigraell,Centro De Contacto,9:00:00,13:05:00,10:45:00
27/02/2026,dancedeno,Centro De Contacto,6:00:00,11:00:00,7:00:00
27/02/2026,yamilgonzalez,Centro De Contacto,6:00:00,11:00:00,7:00:00
27/02/2026,lmartinez,Centro De Contacto,9:00:00,13:00:00,10:30:00
27/02/2026,meljaramillo,Centro De Contacto,6:00:00,11:00:00,7:00:00
27/02/2026,yetienne,Centro De Contacto,6:00:00,11:00:00,7:00:00
27/02/2026,vedelacruz,Centro De Contacto,6:00:00,11:00:00,7:00:00
27/02/2026,kdurango,Centro De Contacto,6:00:00,11:00:00,7:00:00
27/02/2026,lizisaza,Centro De Contacto,6:00:00,11:00:00,7:00:00
27/02/2026,avelez,Vacaciones,6:00:00,11:00:00,7:20:00
27/02/2026,kdominguez,Centro De Contacto,6:00:00,11:00:00,7:20:00
27/02/2026,rmontero,Centro De Contacto,6:00:00,11:00:00,7:20:00
27/02/2026,cacollado,Centro De Contacto,6:00:00,11:00:00,7:20:00
27/02/2026,Rubmorales,Centro De Contacto,6:00:00,11:00:00,7:20:00
27/02/2026,Jpile,Centro De Contacto,6:00:00,11:00:00,7:20:00
27/02/2026,mlorenzo,Centro De Contacto,6:00:00,11:00:00,7:20:00
27/02/2026,irisgomez,Licencia,6:00:00,11:00:00,7:20:00
27/02/2026,kbennett,Centro De Contacto,6:00:00,11:00:00,7:40:00
27/02/2026,Cvillaverde,Centro De Contacto,6:00:00,11:00:00,7:40:00
27/02/2026,tpolo,Centro De Contacto,6:00:00,11:00:00,7:40:00
27/02/2026,vplicett,Centro De Contacto,6:00:00,11:00:00,7:40:00
27/02/2026,Eshernandez,Centro De Contacto,6:00:00,11:00:00,7:40:00
27/02/2026,scoke,Centro De Contacto,6:00:00,11:00:00,7:40:00
27/02/2026,dmolino,Centro De Contacto,6:00:00,11:00:00,7:40:00
27/02/2026,novilla,Centro De Contacto,6:00:00,11:45:00,7:40:00
27/02/2026,locerrud,Centro De Contacto,6:00:00,11:45:00,8:00:00
27/02/2026,gman,Centro De Contacto,6:00:00,11:45:00,8:00:00
27/02/2026,gaflores,Vacaciones,6:00:00,11:45:00,8:00:00
27/02/2026,lilmoreno,Centro De Contacto,6:00:00,11:45:00,8:00:00
27/02/2026,conavarro,Centro De Contacto,6:00:00,11:45:00,8:00:00
27/02/2026,Nlondono,Centro De Contacto,6:00:00,11:45:00,8:00:00
27/02/2026,xaviles,Centro De Contacto,6:00:00,11:45:00,8:00:00
27/02/2026,erphillips,Centro De Contacto,6:00:00,11:45:00,8:00:00
27/02/2026,luiquijada,Centro De Contacto,6:00:00,11:45:00,8:20:00
27/02/2026,sarrodriguez,Centro De Contacto,6:00:00,11:45:00,8:20:00
27/02/2026,ivnunez,Centro De Contacto,6:00:00,11:45:00,8:20:00
27/02/2026,arenteria,Centro De Contacto,6:00:00,11:45:00,8:20:00
27/02/2026,mnoval,Centro De Contacto,6:00:00,11:45:00,8:20:00
27/02/2026,ariasanchez,Centro De Contacto,6:00:00,11:45:00,8:20:00
27/02/2026,girgonzalez,Centro De Contacto,6:00:00,11:45:00,8:20:00
27/02/2026,Melmartinez,Centro De Contacto,6:00:00,11:45:00,8:20:00
27/02/2026,maryherrera,Centro De Contacto,6:00:00,11:45:00,8:40:00
27/02/2026,Yulrodriguez,Centro De Contacto,6:00:00,11:45:00,8:40:00
27/02/2026,lijuarez,Centro De Contacto,6:00:00,11:45:00,8:40:00
27/02/2026,Zestrada,Centro De Contacto,6:00:00,11:45:00,8:40:00
27/02/2026,gisssanchez,Centro De Contacto,6:00:00,11:45:00,8:40:00
27/02/2026,gorodriguez,Vacaciones,6:00:00,11:45:00,8:40:00
27/02/2026,inggomez,Centro De Contacto,6:00:00,11:45:00,8:40:00
27/02/2026,julcorrea,Incapacidad Extendida,6:00:00,11:45:00,8:40:00
27/02/2026,cacedeno,Centro De Contacto,9:00:00,13:00:00,10:10:00
27/02/2026,celirodriguez,Centro De Contacto,9:00:00,13:00:00,10:10:00
27/02/2026,jbrugiatti,Centro De Contacto,9:00:00,13:00:00,10:10:00
27/02/2026,jballis,Centro De Contacto,9:00:00,13:00:00,10:10:00
27/02/2026,mereyes,Centro De Contacto,9:00:00,13:00:00,10:10:00
27/02/2026,siolivares,Centro De Contacto,9:00:00,13:00:00,10:10:00
27/02/2026,Jingonzalez,Centro De Contacto,9:00:00,13:00:00,10:10:00
27/02/2026,Yavallejos,Centro De Contacto,9:00:00,13:00:00,10:10:00
27/02/2026,ensandoval,Centro De Contacto,9:00:00,13:00:00,10:30:00
27/02/2026,rossantamaria,Centro De Contacto,9:00:00,13:00:00,10:30:00
27/02/2026,genemoreno,Centro De Contacto,9:00:00,13:00:00,10:30:00
27/02/2026,glchanis,Centro De Contacto,9:00:00,13:00:00,10:30:00
27/02/2026,yacastro,Centro De Contacto,9:00:00,13:05:00,10:30:00
27/02/2026,noregonzalez,Centro De Contacto,9:00:00,13:05:00,10:30:00
27/02/2026,danitbatista,Centro De Contacto,9:00:00,13:05:00,10:30:00
27/02/2026,ypineda,Centro De Contacto,9:00:00,13:05:00,10:45:00
27/02/2026,raycastillero,Vacaciones,9:00:00,13:05:00,10:45:00
27/02/2026,vimoran,Centro De Contacto,9:00:00,13:05:00,10:45:00
27/02/2026,Bramirez,Vacaciones,9:00:00,13:05:00,10:45:00
27/02/2026,Ztrejos,Centro De Contacto,9:00:00,13:05:00,10:45:00
27/02/2026,Gcoronado,Centro De Contacto,9:00:00,13:05:00,10:45:00
27/02/2026,yarmunoz,Centro De Contacto,9:00:00,13:05:00,10:45:00
27/02/2026,aigraell,Centro De Contacto,9:00:00,13:05:00,10:45:00
02/03/2026,kbennett,Centro De Contacto,6:00:00,11:00:00,7:00:00
02/03/2026,Cvillaverde,Centro De Contacto,6:00:00,11:00:00,7:00:00
02/03/2026,tpolo,Centro De Contacto,6:00:00,11:00:00,7:00:00
02/03/2026,vplicett,Centro De Contacto,6:00:00,11:00:00,7:00:00
02/03/2026,Eshernandez,Centro De Contacto,6:00:00,11:00:00,7:00:00
02/03/2026,scoke,Vacaciones,6:00:00,11:00:00,7:00:00
02/03/2026,dmolino,Centro De Contacto,6:00:00,11:00:00,7:00:00
02/03/2026,novilla,Centro De Contacto,6:00:00,11:00:00,7:00:00
02/03/2026,ensandoval,Centro De Contacto,6:00:00,11:00:00,7:20:00
02/03/2026,rossantamaria,Vacaciones,6:00:00,11:00:00,7:20:00
02/03/2026,genemoreno,Centro De Contacto,6:00:00,11:00:00,7:20:00
02/03/2026,glchanis,Centro De Contacto,6:00:00,11:00:00,7:20:00
02/03/2026,yacastro,Centro De Contacto,6:00:00,11:00:00,7:20:00
02/03/2026,noregonzalez,Centro De Contacto,6:00:00,11:00:00,7:20:00
02/03/2026,danitbatista,Centro De Contacto,6:00:00,11:00:00,7:20:00
02/03/2026,cacedeno,Centro De Contacto,9:00:00,13:00:00,10:30:00
02/03/2026,celirodriguez,Centro De Contacto,6:00:00,11:00:00,7:40:00
02/03/2026,jbrugiatti,Vacaciones,6:00:00,11:00:00,7:40:00
02/03/2026,jballis,Centro De Contacto,6:00:00,11:00:00,7:40:00
02/03/2026,mereyes,Centro De Contacto,6:00:00,11:00:00,7:40:00
02/03/2026,siolivares,Centro De Contacto,6:00:00,11:00:00,7:40:00
02/03/2026,Jingonzalez,Centro De Contacto,6:00:00,11:00:00,7:40:00
02/03/2026,Yavallejos,Centro De Contacto,6:00:00,11:00:00,7:40:00
02/03/2026,ypineda,Centro De Contacto,6:00:00,11:45:00,8:00:00
02/03/2026,raycastillero,Vacaciones,6:00:00,11:45:00,8:00:00
02/03/2026,vimoran,Centro De Contacto,6:00:00,11:45:00,8:00:00
02/03/2026,Bramirez,Vacaciones,6:00:00,11:45:00,8:00:00
02/03/2026,Ztrejos,Centro De Contacto,6:00:00,11:45:00,8:00:00
02/03/2026,Gcoronado,Centro De Contacto,6:00:00,11:45:00,8:00:00
02/03/2026,yarmunoz,Centro De Contacto,6:00:00,11:45:00,8:00:00
02/03/2026,aigraell,Centro De Contacto,6:00:00,11:45:00,8:00:00
02/03/2026,avelez,Vacaciones,6:00:00,11:45:00,8:20:00
02/03/2026,kdominguez,Centro De Contacto,6:00:00,11:45:00,8:20:00
02/03/2026,rmontero,Centro De Contacto,6:00:00,11:45:00,8:20:00
02/03/2026,cacollado,Centro De Contacto,6:00:00,11:45:00,8:20:00
02/03/2026,Rubmorales,Centro De Contacto,6:00:00,11:45:00,8:20:00
02/03/2026,Jpile,Centro De Contacto,6:00:00,11:45:00,8:20:00
02/03/2026,mlorenzo,Centro De Contacto,6:00:00,11:45:00,8:20:00
02/03/2026,irisgomez,Licencia,6:00:00,11:45:00,8:20:00
02/03/2026,dancedeno,Centro De Contacto,6:00:00,11:45:00,8:40:00
02/03/2026,yamilgonzalez,Centro De Contacto,6:00:00,11:45:00,8:40:00
02/03/2026,lmartinez,Centro De Contacto,9:00:00,13:00:00,10:30:00
02/03/2026,meljaramillo,Centro De Contacto,6:00:00,11:45:00,8:40:00
02/03/2026,yetienne,Centro De Contacto,6:00:00,11:45:00,8:40:00
02/03/2026,vedelacruz,Centro De Contacto,6:00:00,11:45:00,8:40:00
02/03/2026,kdurango,Centro De Contacto,6:00:00,11:45:00,8:40:00
02/03/2026,lizisaza,Centro De Contacto,6:00:00,11:45:00,8:40:00
02/03/2026,maryherrera,Centro De Contacto,9:00:00,13:00:00,10:10:00
02/03/2026,Yulrodriguez,Centro De Contacto,9:00:00,13:00:00,10:10:00
02/03/2026,lijuarez,Centro De Contacto,9:00:00,13:00:00,10:10:00
02/03/2026,Zestrada,Vacaciones,9:00:00,13:00:00,10:10:00
02/03/2026,gisssanchez,Centro De Contacto,9:00:00,13:00:00,10:10:00
02/03/2026,gorodriguez,Vacaciones,9:00:00,13:00:00,10:10:00
02/03/2026,inggomez,Vacaciones,9:00:00,13:00:00,10:10:00
02/03/2026,julcorrea,Incapacidad Extendida,9:00:00,13:00:00,10:10:00
02/03/2026,luiquijada,Vacaciones,9:00:00,13:00:00,10:30:00
02/03/2026,sarrodriguez,Centro De Contacto,9:00:00,13:00:00,10:30:00
02/03/2026,ivnunez,Centro De Contacto,9:00:00,13:00:00,10:30:00
02/03/2026,arenteria,Centro De Contacto,9:00:00,13:00:00,10:30:00
02/03/2026,mnoval,Centro De Contacto,9:00:00,13:00:00,10:30:00
02/03/2026,ariasanchez,Centro De Contacto,6:00:00,11:00:00,7:40:00
02/03/2026,girgonzalez,Centro De Contacto,9:00:00,13:00:00,10:30:00
02/03/2026,Melmartinez,Centro De Contacto,9:00:00,13:00:00,10:30:00
02/03/2026,locerrud,Centro De Contacto,9:00:00,13:05:00,10:45:00
02/03/2026,gman,Centro De Contacto,9:00:00,13:05:00,10:45:00
02/03/2026,gaflores,Vacaciones,9:00:00,13:05:00,10:45:00
02/03/2026,lilmoreno,Centro De Contacto,9:00:00,13:05:00,10:45:00
02/03/2026,conavarro,Centro De Contacto,9:00:00,13:05:00,10:45:00
02/03/2026,Nlondono,Centro De Contacto,9:00:00,13:05:00,10:45:00
02/03/2026,xaviles,Centro De Contacto,9:00:00,13:05:00,10:45:00
02/03/2026,erphillips,Centro De Contacto,9:00:00,13:05:00,10:45:00
03/03/2026,kbennett,Centro De Contacto,6:00:00,11:00:00,7:00:00
03/03/2026,Cvillaverde,Centro De Contacto,6:00:00,11:00:00,7:00:00
03/03/2026,tpolo,Centro De Contacto,6:00:00,11:00:00,7:00:00
03/03/2026,vplicett,Centro De Contacto,6:00:00,11:00:00,7:00:00
03/03/2026,Eshernandez,Centro De Contacto,6:00:00,11:00:00,7:00:00
03/03/2026,scoke,Vacaciones,6:00:00,11:00:00,7:00:00
03/03/2026,dmolino,Centro De Contacto,6:00:00,11:00:00,7:00:00
03/03/2026,novilla,Centro De Contacto,6:00:00,11:00:00,7:00:00
03/03/2026,ensandoval,Centro De Contacto,6:00:00,11:00:00,7:20:00
03/03/2026,rossantamaria,Vacaciones,6:00:00,11:00:00,7:20:00
03/03/2026,genemoreno,Centro De Contacto,6:00:00,11:00:00,7:20:00
03/03/2026,glchanis,Centro De Contacto,6:00:00,11:00:00,7:20:00
03/03/2026,yacastro,Centro De Contacto,6:00:00,11:00:00,7:20:00
03/03/2026,noregonzalez,Centro De Contacto,6:00:00,11:00:00,7:20:00
03/03/2026,danitbatista,Centro De Contacto,6:00:00,11:00:00,7:20:00
03/03/2026,cacedeno,Centro De Contacto,9:00:00,13:00:00,10:30:00
03/03/2026,celirodriguez,Centro De Contacto,6:00:00,11:00:00,7:40:00
03/03/2026,jbrugiatti,Vacaciones,6:00:00,11:00:00,7:40:00
03/03/2026,jballis,Centro De Contacto,6:00:00,11:00:00,7:40:00
03/03/2026,mereyes,Centro De Contacto,6:00:00,11:00:00,7:40:00
03/03/2026,siolivares,Centro De Contacto,6:00:00,11:00:00,7:40:00
03/03/2026,Jingonzalez,Centro De Contacto,6:00:00,11:00:00,7:40:00
03/03/2026,Yavallejos,Centro De Contacto,6:00:00,11:00:00,7:40:00
03/03/2026,ypineda,Centro De Contacto,6:00:00,11:45:00,8:00:00
03/03/2026,raycastillero,Vacaciones,6:00:00,11:45:00,8:00:00
03/03/2026,vimoran,Centro De Contacto,6:00:00,11:45:00,8:00:00
03/03/2026,Bramirez,Vacaciones,6:00:00,11:45:00,8:00:00
03/03/2026,Ztrejos,Centro De Contacto,6:00:00,11:45:00,8:00:00
03/03/2026,Gcoronado,Centro De Contacto,6:00:00,11:45:00,8:00:00
03/03/2026,yarmunoz,Centro De Contacto,6:00:00,11:45:00,8:00:00
03/03/2026,aigraell,Centro De Contacto,6:00:00,11:45:00,8:00:00
03/03/2026,avelez,Vacaciones,6:00:00,11:45:00,8:20:00
03/03/2026,kdominguez,Centro De Contacto,6:00:00,11:45:00,8:20:00
03/03/2026,rmontero,Centro De Contacto,6:00:00,11:45:00,8:20:00
03/03/2026,cacollado,Centro De Contacto,6:00:00,11:45:00,8:20:00
03/03/2026,Rubmorales,Centro De Contacto,6:00:00,11:45:00,8:20:00
03/03/2026,Jpile,Centro De Contacto,6:00:00,11:45:00,8:20:00
03/03/2026,mlorenzo,Centro De Contacto,6:00:00,11:45:00,8:20:00
03/03/2026,irisgomez,Licencia,6:00:00,11:45:00,8:20:00
03/03/2026,dancedeno,Centro De Contacto,6:00:00,11:45:00,8:40:00
03/03/2026,yamilgonzalez,Centro De Contacto,6:00:00,11:45:00,8:40:00
03/03/2026,lmartinez,Centro De Contacto,9:00:00,13:00:00,10:30:00
03/03/2026,meljaramillo,Centro De Contacto,6:00:00,11:45:00,8:40:00
03/03/2026,yetienne,Centro De Contacto,6:00:00,11:45:00,8:40:00
03/03/2026,vedelacruz,Centro De Contacto,6:00:00,11:45:00,8:40:00
03/03/2026,kdurango,Centro De Contacto,6:00:00,11:45:00,8:40:00
03/03/2026,lizisaza,Centro De Contacto,6:00:00,11:45:00,8:40:00
03/03/2026,maryherrera,Centro De Contacto,9:00:00,13:00:00,10:10:00
03/03/2026,Yulrodriguez,Centro De Contacto,9:00:00,13:00:00,10:10:00
03/03/2026,lijuarez,Centro De Contacto,9:00:00,13:00:00,10:10:00
03/03/2026,Zestrada,Vacaciones,9:00:00,13:00:00,10:10:00
03/03/2026,gisssanchez,Centro De Contacto,9:00:00,13:00:00,10:10:00
03/03/2026,gorodriguez,Vacaciones,9:00:00,13:00:00,10:10:00
03/03/2026,inggomez,Vacaciones,9:00:00,13:00:00,10:10:00
03/03/2026,julcorrea,Incapacidad Extendida,9:00:00,13:00:00,10:10:00
03/03/2026,luiquijada,Vacaciones,9:00:00,13:00:00,10:30:00
03/03/2026,sarrodriguez,Centro De Contacto,9:00:00,13:00:00,10:30:00
03/03/2026,ivnunez,Centro De Contacto,9:00:00,13:00:00,10:30:00
03/03/2026,arenteria,Centro De Contacto,9:00:00,13:00:00,10:30:00
03/03/2026,mnoval,Centro De Contacto,9:00:00,13:00:00,10:30:00
03/03/2026,ariasanchez,Centro De Contacto,6:00:00,11:00:00,7:40:00
03/03/2026,girgonzalez,Centro De Contacto,9:00:00,13:00:00,10:30:00
03/03/2026,Melmartinez,Centro De Contacto,9:00:00,13:00:00,10:30:00
03/03/2026,locerrud,Centro De Contacto,9:00:00,13:05:00,10:45:00
03/03/2026,gman,Centro De Contacto,9:00:00,13:05:00,10:45:00
03/03/2026,gaflores,Vacaciones,9:00:00,13:05:00,10:45:00
03/03/2026,lilmoreno,Centro De Contacto,9:00:00,13:05:00,10:45:00
03/03/2026,conavarro,Centro De Contacto,9:00:00,13:05:00,10:45:00
03/03/2026,Nlondono,Centro De Contacto,9:00:00,13:05:00,10:45:00
03/03/2026,xaviles,Centro De Contacto,9:00:00,13:05:00,10:45:00
03/03/2026,erphillips,Centro De Contacto,9:00:00,13:05:00,10:45:00
04/03/2026,kbennett,Centro De Contacto,6:00:00,11:00:00,7:00:00
04/03/2026,Cvillaverde,Centro De Contacto,6:00:00,11:00:00,7:00:00
04/03/2026,tpolo,Centro De Contacto,6:00:00,11:00:00,7:00:00
04/03/2026,vplicett,Centro De Contacto,6:00:00,11:00:00,7:00:00
04/03/2026,Eshernandez,Centro De Contacto,6:00:00,11:00:00,7:00:00
04/03/2026,scoke,Vacaciones,6:00:00,11:00:00,7:00:00
04/03/2026,dmolino,Centro De Contacto,6:00:00,11:00:00,7:00:00
04/03/2026,novilla,Centro De Contacto,6:00:00,11:00:00,7:00:00
04/03/2026,ensandoval,Centro De Contacto,6:00:00,11:00:00,7:20:00
04/03/2026,rossantamaria,Vacaciones,6:00:00,11:00:00,7:20:00
04/03/2026,genemoreno,Centro De Contacto,6:00:00,11:00:00,7:20:00
04/03/2026,glchanis,Centro De Contacto,6:00:00,11:00:00,7:20:00
04/03/2026,yacastro,Centro De Contacto,6:00:00,11:00:00,7:20:00
04/03/2026,noregonzalez,Centro De Contacto,6:00:00,11:00:00,7:20:00
04/03/2026,danitbatista,Centro De Contacto,6:00:00,11:00:00,7:20:00
04/03/2026,cacedeno,Centro De Contacto,9:00:00,13:00:00,10:30:00
04/03/2026,celirodriguez,Centro De Contacto,6:00:00,11:00:00,7:40:00
04/03/2026,jbrugiatti,Vacaciones,6:00:00,11:00:00,7:40:00
04/03/2026,jballis,Centro De Contacto,6:00:00,11:00:00,7:40:00
04/03/2026,mereyes,Centro De Contacto,6:00:00,11:00:00,7:40:00
04/03/2026,siolivares,Centro De Contacto,6:00:00,11:00:00,7:40:00
04/03/2026,Jingonzalez,Centro De Contacto,6:00:00,11:00:00,7:40:00
04/03/2026,Yavallejos,Centro De Contacto,6:00:00,11:00:00,7:40:00
04/03/2026,ypineda,Centro De Contacto,6:00:00,11:45:00,8:00:00
04/03/2026,raycastillero,Vacaciones,6:00:00,11:45:00,8:00:00
04/03/2026,vimoran,Centro De Contacto,6:00:00,11:45:00,8:00:00
04/03/2026,Bramirez,Vacaciones,6:00:00,11:45:00,8:00:00
04/03/2026,Ztrejos,Centro De Contacto,6:00:00,11:45:00,8:00:00
04/03/2026,Gcoronado,Centro De Contacto,6:00:00,11:45:00,8:00:00
04/03/2026,yarmunoz,Centro De Contacto,6:00:00,11:45:00,8:00:00
04/03/2026,aigraell,Centro De Contacto,6:00:00,11:45:00,8:00:00
04/03/2026,avelez,Centro De Contacto,6:00:00,11:45:00,8:20:00
04/03/2026,kdominguez,Centro De Contacto,6:00:00,11:45:00,8:20:00
04/03/2026,rmontero,Centro De Contacto,6:00:00,11:45:00,8:20:00
04/03/2026,cacollado,Centro De Contacto,6:00:00,11:45:00,8:20:00
04/03/2026,Rubmorales,Centro De Contacto,6:00:00,11:45:00,8:20:00
04/03/2026,Jpile,Centro De Contacto,6:00:00,11:45:00,8:20:00
04/03/2026,mlorenzo,Centro De Contacto,6:00:00,11:45:00,8:20:00
04/03/2026,irisgomez,Licencia,6:00:00,11:45:00,8:20:00
04/03/2026,dancedeno,Centro De Contacto,6:00:00,11:45:00,8:40:00
04/03/2026,yamilgonzalez,Centro De Contacto,6:00:00,11:45:00,8:40:00
04/03/2026,lmartinez,Centro De Contacto,9:00:00,13:00:00,10:30:00
04/03/2026,meljaramillo,Centro De Contacto,6:00:00,11:45:00,8:40:00
04/03/2026,yetienne,Centro De Contacto,6:00:00,11:45:00,8:40:00
04/03/2026,vedelacruz,Centro De Contacto,6:00:00,11:45:00,8:40:00
04/03/2026,kdurango,Centro De Contacto,6:00:00,11:45:00,8:40:00
04/03/2026,lizisaza,Centro De Contacto,6:00:00,11:45:00,8:40:00
04/03/2026,maryherrera,Centro De Contacto,9:00:00,13:00:00,10:10:00
04/03/2026,Yulrodriguez,Centro De Contacto,9:00:00,13:00:00,10:10:00
04/03/2026,lijuarez,Centro De Contacto,9:00:00,13:00:00,10:10:00
04/03/2026,Zestrada,Vacaciones,9:00:00,13:00:00,10:10:00
04/03/2026,gisssanchez,Centro De Contacto,9:00:00,13:00:00,10:10:00
04/03/2026,gorodriguez,Vacaciones,9:00:00,13:00:00,10:10:00
04/03/2026,inggomez,Vacaciones,9:00:00,13:00:00,10:10:00
04/03/2026,julcorrea,Incapacidad Extendida,9:00:00,13:00:00,10:10:00
04/03/2026,luiquijada,Vacaciones,9:00:00,13:00:00,10:30:00
04/03/2026,sarrodriguez,Centro De Contacto,9:00:00,13:00:00,10:30:00
04/03/2026,ivnunez,Centro De Contacto,9:00:00,13:00:00,10:30:00
04/03/2026,arenteria,Centro De Contacto,9:00:00,13:00:00,10:30:00
04/03/2026,mnoval,Centro De Contacto,9:00:00,13:00:00,10:30:00
04/03/2026,ariasanchez,Centro De Contacto,6:00:00,11:00:00,7:40:00
04/03/2026,girgonzalez,Centro De Contacto,9:00:00,13:00:00,10:30:00
04/03/2026,Melmartinez,Centro De Contacto,9:00:00,13:00:00,10:30:00
04/03/2026,locerrud,Centro De Contacto,9:00:00,13:05:00,10:45:00
04/03/2026,gman,Centro De Contacto,9:00:00,13:05:00,10:45:00
04/03/2026,gaflores,Vacaciones,9:00:00,13:05:00,10:45:00
04/03/2026,lilmoreno,Centro De Contacto,9:00:00,13:05:00,10:45:00
04/03/2026,conavarro,Centro De Contacto,9:00:00,13:05:00,10:45:00
04/03/2026,Nlondono,Centro De Contacto,9:00:00,13:05:00,10:45:00
04/03/2026,xaviles,Centro De Contacto,9:00:00,13:05:00,10:45:00
04/03/2026,erphillips,Centro De Contacto,9:00:00,13:05:00,10:45:00
05/03/2026,kbennett,Centro De Contacto,6:00:00,11:00:00,7:00:00
05/03/2026,Cvillaverde,Centro De Contacto,6:00:00,11:00:00,7:00:00
05/03/2026,tpolo,Centro De Contacto,6:00:00,11:00:00,7:00:00
05/03/2026,vplicett,Centro De Contacto,6:00:00,11:00:00,7:00:00
05/03/2026,Eshernandez,Centro De Contacto,6:00:00,11:00:00,7:00:00
05/03/2026,scoke,Vacaciones,6:00:00,11:00:00,7:00:00
05/03/2026,dmolino,Centro De Contacto,6:00:00,11:00:00,7:00:00
05/03/2026,novilla,Centro De Contacto,6:00:00,11:00:00,7:00:00
05/03/2026,ensandoval,Centro De Contacto,6:00:00,11:00:00,7:20:00
05/03/2026,rossantamaria,Vacaciones,6:00:00,11:00:00,7:20:00
05/03/2026,genemoreno,Centro De Contacto,6:00:00,11:00:00,7:20:00
05/03/2026,glchanis,Centro De Contacto,6:00:00,11:00:00,7:20:00
05/03/2026,yacastro,Centro De Contacto,6:00:00,11:00:00,7:20:00
05/03/2026,noregonzalez,Centro De Contacto,6:00:00,11:00:00,7:20:00
05/03/2026,danitbatista,Centro De Contacto,6:00:00,11:00:00,7:20:00
05/03/2026,cacedeno,Centro De Contacto,9:00:00,13:00:00,10:30:00
05/03/2026,celirodriguez,Centro De Contacto,6:00:00,11:00:00,7:40:00
05/03/2026,jbrugiatti,Vacaciones,6:00:00,11:00:00,7:40:00
05/03/2026,jballis,Centro De Contacto,6:00:00,11:00:00,7:40:00
05/03/2026,mereyes,Centro De Contacto,6:00:00,11:00:00,7:40:00
05/03/2026,siolivares,Centro De Contacto,6:00:00,11:00:00,7:40:00
05/03/2026,Jingonzalez,Centro De Contacto,6:00:00,11:00:00,7:40:00
05/03/2026,Yavallejos,Centro De Contacto,6:00:00,11:00:00,7:40:00
05/03/2026,ypineda,Centro De Contacto,6:00:00,11:45:00,8:00:00
05/03/2026,raycastillero,Vacaciones,6:00:00,11:45:00,8:00:00
05/03/2026,vimoran,Centro De Contacto,6:00:00,11:45:00,8:00:00
05/03/2026,Bramirez,Vacaciones,6:00:00,11:45:00,8:00:00
05/03/2026,Ztrejos,Centro De Contacto,6:00:00,11:45:00,8:00:00
05/03/2026,Gcoronado,Centro De Contacto,6:00:00,11:45:00,8:00:00
05/03/2026,yarmunoz,Centro De Contacto,6:00:00,11:45:00,8:00:00
05/03/2026,aigraell,Centro De Contacto,6:00:00,11:45:00,8:00:00
05/03/2026,avelez,Centro De Contacto,6:00:00,11:45:00,8:20:00
05/03/2026,kdominguez,Centro De Contacto,6:00:00,11:45:00,8:20:00
05/03/2026,rmontero,Centro De Contacto,6:00:00,11:45:00,8:20:00
05/03/2026,cacollado,Centro De Contacto,6:00:00,11:45:00,8:20:00
05/03/2026,Rubmorales,Centro De Contacto,6:00:00,11:45:00,8:20:00
05/03/2026,Jpile,Centro De Contacto,6:00:00,11:45:00,8:20:00
05/03/2026,mlorenzo,Centro De Contacto,6:00:00,11:45:00,8:20:00
05/03/2026,irisgomez,Licencia,6:00:00,11:45:00,8:20:00
05/03/2026,dancedeno,Centro De Contacto,6:00:00,11:45:00,8:40:00
05/03/2026,yamilgonzalez,Centro De Contacto,6:00:00,11:45:00,8:40:00
05/03/2026,lmartinez,Centro De Contacto,9:00:00,13:00:00,10:30:00
05/03/2026,meljaramillo,Centro De Contacto,6:00:00,11:45:00,8:40:00
05/03/2026,yetienne,Centro De Contacto,6:00:00,11:45:00,8:40:00
05/03/2026,vedelacruz,Centro De Contacto,6:00:00,11:45:00,8:40:00
05/03/2026,kdurango,Centro De Contacto,6:00:00,11:45:00,8:40:00
05/03/2026,lizisaza,Centro De Contacto,6:00:00,11:45:00,8:40:00
05/03/2026,maryherrera,Centro De Contacto,9:00:00,13:00:00,10:10:00
05/03/2026,Yulrodriguez,Centro De Contacto,9:00:00,13:00:00,10:10:00
05/03/2026,lijuarez,Centro De Contacto,9:00:00,13:00:00,10:10:00
05/03/2026,Zestrada,Vacaciones,9:00:00,13:00:00,10:10:00
05/03/2026,gisssanchez,Centro De Contacto,9:00:00,13:00:00,10:10:00
05/03/2026,gorodriguez,Vacaciones,9:00:00,13:00:00,10:10:00
05/03/2026,inggomez,Vacaciones,9:00:00,13:00:00,10:10:00
05/03/2026,julcorrea,Incapacidad Extendida,9:00:00,13:00:00,10:10:00
05/03/2026,luiquijada,Vacaciones,9:00:00,13:00:00,10:30:00
05/03/2026,sarrodriguez,Centro De Contacto,9:00:00,13:00:00,10:30:00
05/03/2026,ivnunez,Centro De Contacto,9:00:00,13:00:00,10:30:00
05/03/2026,arenteria,Centro De Contacto,9:00:00,13:00:00,10:30:00
05/03/2026,mnoval,Centro De Contacto,9:00:00,13:00:00,10:30:00
05/03/2026,ariasanchez,Centro De Contacto,6:00:00,11:00:00,7:40:00
05/03/2026,girgonzalez,Centro De Contacto,9:00:00,13:00:00,10:30:00
05/03/2026,Melmartinez,Centro De Contacto,9:00:00,13:00:00,10:30:00
05/03/2026,locerrud,Centro De Contacto,9:00:00,13:05:00,10:45:00
05/03/2026,gman,Centro De Contacto,9:00:00,13:05:00,10:45:00
05/03/2026,gaflores,Vacaciones,9:00:00,13:05:00,10:45:00
05/03/2026,lilmoreno,Centro De Contacto,9:00:00,13:05:00,10:45:00
05/03/2026,conavarro,Centro De Contacto,9:00:00,13:05:00,10:45:00
05/03/2026,Nlondono,Centro De Contacto,9:00:00,13:05:00,10:45:00
05/03/2026,xaviles,Centro De Contacto,9:00:00,13:05:00,10:45:00
05/03/2026,erphillips,Centro De Contacto,9:00:00,13:05:00,10:45:00
06/03/2026,kbennett,Centro De Contacto,6:00:00,11:00:00,7:00:00
06/03/2026,Cvillaverde,Centro De Contacto,6:00:00,11:00:00,7:00:00
06/03/2026,tpolo,Centro De Contacto,6:00:00,11:00:00,7:00:00
06/03/2026,vplicett,Centro De Contacto,6:00:00,11:00:00,7:00:00
06/03/2026,Eshernandez,Centro De Contacto,6:00:00,11:00:00,7:00:00
06/03/2026,scoke,Vacaciones,6:00:00,11:00:00,7:00:00
06/03/2026,dmolino,Centro De Contacto,6:00:00,11:00:00,7:00:00
06/03/2026,novilla,Centro De Contacto,6:00:00,11:00:00,7:00:00
06/03/2026,ensandoval,Centro De Contacto,6:00:00,11:00:00,7:20:00
06/03/2026,rossantamaria,Vacaciones,6:00:00,11:00:00,7:20:00
06/03/2026,genemoreno,Centro De Contacto,6:00:00,11:00:00,7:20:00
06/03/2026,glchanis,Centro De Contacto,6:00:00,11:00:00,7:20:00
06/03/2026,yacastro,Centro De Contacto,6:00:00,11:00:00,7:20:00
06/03/2026,noregonzalez,Centro De Contacto,6:00:00,11:00:00,7:20:00
06/03/2026,danitbatista,Centro De Contacto,6:00:00,11:00:00,7:20:00
06/03/2026,cacedeno,Centro De Contacto,9:00:00,13:00:00,10:30:00
06/03/2026,celirodriguez,Centro De Contacto,6:00:00,11:00:00,7:40:00
06/03/2026,jbrugiatti,Vacaciones,6:00:00,11:00:00,7:40:00
06/03/2026,jballis,Centro De Contacto,6:00:00,11:00:00,7:40:00
06/03/2026,mereyes,Centro De Contacto,6:00:00,11:00:00,7:40:00
06/03/2026,siolivares,Centro De Contacto,6:00:00,11:00:00,7:40:00
06/03/2026,Jingonzalez,Centro De Contacto,6:00:00,11:00:00,7:40:00
06/03/2026,Yavallejos,Centro De Contacto,6:00:00,11:00:00,7:40:00
06/03/2026,ypineda,Centro De Contacto,6:00:00,11:45:00,8:00:00
06/03/2026,raycastillero,Vacaciones,6:00:00,11:45:00,8:00:00
06/03/2026,vimoran,Centro De Contacto,6:00:00,11:45:00,8:00:00
06/03/2026,Bramirez,Vacaciones,6:00:00,11:45:00,8:00:00
06/03/2026,Ztrejos,Centro De Contacto,6:00:00,11:45:00,8:00:00
06/03/2026,Gcoronado,Centro De Contacto,6:00:00,11:45:00,8:00:00
06/03/2026,yarmunoz,Centro De Contacto,6:00:00,11:45:00,8:00:00
06/03/2026,aigraell,Centro De Contacto,6:00:00,11:45:00,8:00:00
06/03/2026,avelez,Centro De Contacto,6:00:00,11:45:00,8:20:00
06/03/2026,kdominguez,Centro De Contacto,6:00:00,11:45:00,8:20:00
06/03/2026,rmontero,Centro De Contacto,6:00:00,11:45:00,8:20:00
06/03/2026,cacollado,Centro De Contacto,6:00:00,11:45:00,8:20:00
06/03/2026,Rubmorales,Centro De Contacto,6:00:00,11:45:00,8:20:00
06/03/2026,Jpile,Centro De Contacto,6:00:00,11:45:00,8:20:00
06/03/2026,mlorenzo,Centro De Contacto,6:00:00,11:45:00,8:20:00
06/03/2026,irisgomez,Licencia,6:00:00,11:45:00,8:20:00
06/03/2026,dancedeno,Centro De Contacto,6:00:00,11:45:00,8:40:00
06/03/2026,yamilgonzalez,Centro De Contacto,6:00:00,11:45:00,8:40:00
06/03/2026,lmartinez,Centro De Contacto,9:00:00,13:00:00,10:30:00
06/03/2026,meljaramillo,Centro De Contacto,6:00:00,11:45:00,8:40:00
06/03/2026,yetienne,Centro De Contacto,6:00:00,11:45:00,8:40:00
06/03/2026,vedelacruz,Centro De Contacto,6:00:00,11:45:00,8:40:00
06/03/2026,kdurango,Centro De Contacto,6:00:00,11:45:00,8:40:00
06/03/2026,lizisaza,Centro De Contacto,6:00:00,11:45:00,8:40:00
06/03/2026,maryherrera,Centro De Contacto,9:00:00,13:00:00,10:10:00
06/03/2026,Yulrodriguez,Centro De Contacto,9:00:00,13:00:00,10:10:00
06/03/2026,lijuarez,Centro De Contacto,9:00:00,13:00:00,10:10:00
06/03/2026,Zestrada,Vacaciones,9:00:00,13:00:00,10:10:00
06/03/2026,gisssanchez,Centro De Contacto,9:00:00,13:00:00,10:10:00
06/03/2026,gorodriguez,Vacaciones,9:00:00,13:00:00,10:10:00
06/03/2026,inggomez,Vacaciones,9:00:00,13:00:00,10:10:00
06/03/2026,julcorrea,Incapacidad Extendida,9:00:00,13:00:00,10:10:00
06/03/2026,luiquijada,Vacaciones,9:00:00,13:00:00,10:30:00
06/03/2026,sarrodriguez,Centro De Contacto,9:00:00,13:00:00,10:30:00
06/03/2026,ivnunez,Centro De Contacto,9:00:00,13:00:00,10:30:00
06/03/2026,arenteria,Centro De Contacto,9:00:00,13:00:00,10:30:00
06/03/2026,mnoval,Centro De Contacto,9:00:00,13:00:00,10:30:00
06/03/2026,ariasanchez,Centro De Contacto,6:00:00,11:00:00,7:40:00
06/03/2026,girgonzalez,Centro De Contacto,9:00:00,13:00:00,10:30:00
06/03/2026,Melmartinez,Centro De Contacto,9:00:00,13:00:00,10:30:00
06/03/2026,locerrud,Centro De Contacto,9:00:00,13:05:00,10:45:00
06/03/2026,gman,Centro De Contacto,9:00:00,13:05:00,10:45:00
06/03/2026,gaflores,Vacaciones,9:00:00,13:05:00,10:45:00
06/03/2026,lilmoreno,Centro De Contacto,9:00:00,13:05:00,10:45:00
06/03/2026,conavarro,Centro De Contacto,9:00:00,13:05:00,10:45:00
06/03/2026,Nlondono,Centro De Contacto,9:00:00,13:05:00,10:45:00
06/03/2026,xaviles,Centro De Contacto,9:00:00,13:05:00,10:45:00
06/03/2026,erphillips,Centro De Contacto,9:00:00,13:05:00,10:45:00
09/03/2026,maryherrera,Centro De Contacto,9:00:00,13:00:00,10:10:00
09/03/2026,Yulrodriguez,Centro De Contacto,6:00:00,11:00:00,7:00:00
09/03/2026,lijuarez,Centro De Contacto,6:00:00,11:00:00,7:00:00
09/03/2026,Zestrada,Vacaciones,6:00:00,11:00:00,7:00:00
09/03/2026,gisssanchez,Centro De Contacto,6:00:00,11:00:00,7:00:00
09/03/2026,gorodriguez,Centro De Contacto,6:00:00,11:00:00,7:00:00
09/03/2026,inggomez,Vacaciones,6:00:00,11:00:00,7:00:00
09/03/2026,julcorrea,Incapacidad Extendida,6:00:00,11:00:00,7:00:00
09/03/2026,ensandoval,Centro De Contacto,6:00:00,11:00:00,7:20:00
09/03/2026,rossantamaria,Vacaciones,6:00:00,11:00:00,7:20:00
09/03/2026,genemoreno,Centro De Contacto,6:00:00,11:00:00,7:20:00
09/03/2026,glchanis,Centro De Contacto,6:00:00,11:00:00,7:20:00
09/03/2026,yacastro,Centro De Contacto,6:00:00,11:00:00,7:20:00
09/03/2026,noregonzalez,Centro De Contacto,6:00:00,11:00:00,7:20:00
09/03/2026,danitbatista,Centro De Contacto,6:00:00,11:00:00,7:20:00
09/03/2026,luiquijada,Vacaciones,6:00:00,11:00:00,7:40:00
09/03/2026,sarrodriguez,Centro De Contacto,6:00:00,11:00:00,7:40:00
09/03/2026,ivnunez,Centro De Contacto,6:00:00,11:00:00,7:40:00
09/03/2026,arenteria,Centro De Contacto,6:00:00,11:00:00,7:40:00
09/03/2026,mnoval,Centro De Contacto,6:00:00,11:00:00,7:40:00
09/03/2026,ariasanchez,Centro De Contacto,6:00:00,11:00:00,7:40:00
09/03/2026,girgonzalez,Centro De Contacto,6:00:00,11:00:00,7:40:00
09/03/2026,Melmartinez,Centro De Contacto,6:00:00,11:00:00,7:40:00
09/03/2026,locerrud,Centro De Contacto,6:00:00,11:45:00,8:00:00
09/03/2026,gman,Centro De Contacto,6:00:00,11:45:00,8:00:00
09/03/2026,gaflores,Centro De Contacto,6:00:00,11:45:00,8:00:00
09/03/2026,lilmoreno,Centro De Contacto,6:00:00,11:45:00,8:00:00
09/03/2026,conavarro,Centro De Contacto,6:00:00,11:45:00,8:00:00
09/03/2026,Nlondono,Centro De Contacto,6:00:00,11:45:00,8:00:00
09/03/2026,xaviles,Centro De Contacto,6:00:00,11:45:00,8:00:00
09/03/2026,erphillips,Centro De Contacto,6:00:00,11:45:00,8:00:00
09/03/2026,cacedeno,Centro De Contacto,6:00:00,11:45:00,8:20:00
09/03/2026,celirodriguez,Centro De Contacto,6:00:00,11:45:00,8:20:00
09/03/2026,jbrugiatti,Vacaciones,6:00:00,11:45:00,8:20:00
09/03/2026,jballis,Centro De Contacto,6:00:00,11:45:00,8:20:00
09/03/2026,mereyes,Centro De Contacto,9:00:00,13:05:00,10:30:00
09/03/2026,siolivares,Centro De Contacto,6:00:00,11:45:00,8:20:00
09/03/2026,Jingonzalez,Centro De Contacto,6:00:00,11:45:00,8:20:00
09/03/2026,Yavallejos,Centro De Contacto,6:00:00,11:45:00,8:20:00
09/03/2026,ypineda,Centro De Contacto,6:00:00,11:45:00,8:40:00
09/03/2026,raycastillero,Centro De Contacto,6:00:00,11:45:00,8:40:00
09/03/2026,vimoran,Centro De Contacto,6:00:00,11:45:00,8:40:00
09/03/2026,Bramirez,Centro De Contacto,6:00:00,11:45:00,8:40:00
09/03/2026,Ztrejos,Centro De Contacto,6:00:00,11:45:00,8:40:00
09/03/2026,Gcoronado,Centro De Contacto,6:00:00,11:45:00,8:40:00
09/03/2026,yarmunoz,Centro De Contacto,6:00:00,11:45:00,8:40:00
09/03/2026,aigraell,Centro De Contacto,6:00:00,11:45:00,8:40:00
09/03/2026,kbennett,Centro De Contacto,9:00:00,12:30:00,10:10:00
09/03/2026,Cvillaverde,Centro De Contacto,9:00:00,13:00:00,10:10:00
09/03/2026,tpolo,Centro De Contacto,9:00:00,13:00:00,10:10:00
09/03/2026,vplicett,Centro De Contacto,9:00:00,13:00:00,10:10:00
09/03/2026,Eshernandez,Centro De Contacto,9:00:00,13:00:00,10:10:00
09/03/2026,scoke,Vacaciones,9:00:00,13:00:00,10:10:00
09/03/2026,dmolino,Centro De Contacto,9:00:00,13:00:00,10:10:00
09/03/2026,novilla,Centro De Contacto,9:00:00,13:00:00,10:10:00
09/03/2026,dancedeno,Centro De Contacto,9:00:00,13:00:00,10:30:00
09/03/2026,yamilgonzalez,Centro De Contacto,9:00:00,13:00:00,10:30:00
09/03/2026,lmartinez,Centro De Contacto,9:00:00,13:00:00,10:30:00
09/03/2026,meljaramillo,Centro De Contacto,9:00:00,13:00:00,10:30:00
09/03/2026,yetienne,Centro De Contacto,9:00:00,13:00:00,10:30:00
09/03/2026,vedelacruz,Centro De Contacto,9:00:00,13:05:00,10:30:00
09/03/2026,kdurango,Centro De Contacto,6:00:00,11:45:00,8:20:00
09/03/2026,lizisaza,Centro De Contacto,9:00:00,13:05:00,10:30:00
09/03/2026,avelez,Centro De Contacto,9:00:00,13:05:00,10:45:00
09/03/2026,kdominguez,Centro De Contacto,9:00:00,13:05:00,10:45:00
09/03/2026,rmontero,Centro De Contacto,9:00:00,13:05:00,10:45:00
09/03/2026,cacollado,Centro De Contacto,9:00:00,13:05:00,10:45:00
09/03/2026,Rubmorales,Centro De Contacto,9:00:00,13:05:00,10:45:00
09/03/2026,Jpile,Centro De Contacto,9:00:00,13:05:00,10:45:00
09/03/2026,mlorenzo,Centro De Contacto,9:00:00,13:05:00,10:45:00
09/03/2026,irisgomez,Licencia,9:00:00,13:05:00,10:45:00
10/03/2026,maryherrera,Centro De Contacto,9:00:00,13:00:00,10:10:00
10/03/2026,Yulrodriguez,Centro De Contacto,6:00:00,11:00:00,7:00:00
10/03/2026,lijuarez,Centro De Contacto,6:00:00,11:00:00,7:00:00
10/03/2026,Zestrada,Vacaciones,6:00:00,11:00:00,7:00:00
10/03/2026,gisssanchez,Centro De Contacto,6:00:00,11:00:00,7:00:00
10/03/2026,gorodriguez,Centro De Contacto,6:00:00,11:00:00,7:00:00
10/03/2026,inggomez,Vacaciones,6:00:00,11:00:00,7:00:00
10/03/2026,julcorrea,Incapacidad Extendida,6:00:00,11:00:00,7:00:00
10/03/2026,ensandoval,Centro De Contacto,6:00:00,11:00:00,7:20:00
10/03/2026,rossantamaria,Vacaciones,6:00:00,11:00:00,7:20:00
10/03/2026,genemoreno,Centro De Contacto,6:00:00,11:00:00,7:20:00
10/03/2026,glchanis,Centro De Contacto,6:00:00,11:00:00,7:20:00
10/03/2026,yacastro,Centro De Contacto,6:00:00,11:00:00,7:20:00
10/03/2026,noregonzalez,Centro De Contacto,6:00:00,11:00:00,7:20:00
10/03/2026,danitbatista,Centro De Contacto,6:00:00,11:00:00,7:20:00
10/03/2026,luiquijada,Vacaciones,6:00:00,11:00:00,7:40:00
10/03/2026,sarrodriguez,Centro De Contacto,6:00:00,11:00:00,7:40:00
10/03/2026,ivnunez,Centro De Contacto,6:00:00,11:00:00,7:40:00
10/03/2026,arenteria,Centro De Contacto,6:00:00,11:00:00,7:40:00
10/03/2026,mnoval,Centro De Contacto,6:00:00,11:00:00,7:40:00
10/03/2026,ariasanchez,Centro De Contacto,6:00:00,11:00:00,7:40:00
10/03/2026,girgonzalez,Centro De Contacto,6:00:00,11:00:00,7:40:00
10/03/2026,Melmartinez,Centro De Contacto,6:00:00,11:00:00,7:40:00
10/03/2026,locerrud,Centro De Contacto,6:00:00,11:45:00,8:00:00
10/03/2026,gman,Centro De Contacto,6:00:00,11:45:00,8:00:00
10/03/2026,gaflores,Centro De Contacto,6:00:00,11:45:00,8:00:00
10/03/2026,lilmoreno,Centro De Contacto,6:00:00,11:45:00,8:00:00
10/03/2026,conavarro,Centro De Contacto,6:00:00,11:45:00,8:00:00
10/03/2026,Nlondono,Centro De Contacto,6:00:00,11:45:00,8:00:00
10/03/2026,xaviles,Centro De Contacto,6:00:00,11:45:00,8:00:00
10/03/2026,erphillips,Centro De Contacto,6:00:00,11:45:00,8:00:00
10/03/2026,cacedeno,Centro De Contacto,6:00:00,11:45:00,8:20:00
10/03/2026,celirodriguez,Centro De Contacto,6:00:00,11:45:00,8:20:00
10/03/2026,jbrugiatti,Vacaciones,6:00:00,11:45:00,8:20:00
10/03/2026,jballis,Centro De Contacto,6:00:00,11:45:00,8:20:00
10/03/2026,mereyes,Centro De Contacto,9:00:00,13:05:00,10:30:00
10/03/2026,siolivares,Centro De Contacto,6:00:00,11:45:00,8:20:00
10/03/2026,Jingonzalez,Centro De Contacto,6:00:00,11:45:00,8:20:00
10/03/2026,Yavallejos,Centro De Contacto,6:00:00,11:45:00,8:20:00
10/03/2026,ypineda,Centro De Contacto,6:00:00,11:45:00,8:40:00
10/03/2026,raycastillero,Centro De Contacto,6:00:00,11:45:00,8:40:00
10/03/2026,vimoran,Centro De Contacto,6:00:00,11:45:00,8:40:00
10/03/2026,Bramirez,Centro De Contacto,6:00:00,11:45:00,8:40:00
10/03/2026,Ztrejos,Centro De Contacto,6:00:00,11:45:00,8:40:00
10/03/2026,Gcoronado,Centro De Contacto,6:00:00,11:45:00,8:40:00
10/03/2026,yarmunoz,Centro De Contacto,6:00:00,11:45:00,8:40:00
10/03/2026,aigraell,Centro De Contacto,6:00:00,11:45:00,8:40:00
10/03/2026,kbennett,Centro De Contacto,9:00:00,12:30:00,10:10:00
10/03/2026,Cvillaverde,Centro De Contacto,9:00:00,13:00:00,10:10:00
10/03/2026,tpolo,Centro De Contacto,9:00:00,13:00:00,10:10:00
10/03/2026,vplicett,Centro De Contacto,9:00:00,13:00:00,10:10:00
10/03/2026,Eshernandez,Centro De Contacto,9:00:00,13:00:00,10:10:00
10/03/2026,scoke,Vacaciones,9:00:00,13:00:00,10:10:00
10/03/2026,dmolino,Centro De Contacto,9:00:00,13:00:00,10:10:00
10/03/2026,novilla,Centro De Contacto,9:00:00,13:00:00,10:10:00
10/03/2026,dancedeno,Centro De Contacto,9:00:00,13:00:00,10:30:00
10/03/2026,yamilgonzalez,Centro De Contacto,9:00:00,13:00:00,10:30:00
10/03/2026,lmartinez,Centro De Contacto,9:00:00,13:00:00,10:30:00
10/03/2026,meljaramillo,Centro De Contacto,9:00:00,13:00:00,10:30:00
10/03/2026,yetienne,Centro De Contacto,9:00:00,13:00:00,10:30:00
10/03/2026,vedelacruz,Centro De Contacto,9:00:00,13:05:00,10:30:00
10/03/2026,kdurango,Centro De Contacto,6:00:00,11:45:00,8:20:00
10/03/2026,lizisaza,Centro De Contacto,9:00:00,13:05:00,10:30:00
10/03/2026,avelez,Centro De Contacto,9:00:00,13:05:00,10:45:00
10/03/2026,kdominguez,Centro De Contacto,9:00:00,13:05:00,10:45:00
10/03/2026,rmontero,Centro De Contacto,9:00:00,13:05:00,10:45:00
10/03/2026,cacollado,Centro De Contacto,9:00:00,13:05:00,10:45:00
10/03/2026,Rubmorales,Centro De Contacto,9:00:00,13:05:00,10:45:00
10/03/2026,Jpile,Centro De Contacto,9:00:00,13:05:00,10:45:00
10/03/2026,mlorenzo,Centro De Contacto,9:00:00,13:05:00,10:45:00
10/03/2026,irisgomez,Licencia,9:00:00,13:05:00,10:45:00
11/03/2026,maryherrera,Centro De Contacto,9:00:00,13:00:00,10:10:00
11/03/2026,Yulrodriguez,Centro De Contacto,6:00:00,11:00:00,7:00:00
11/03/2026,lijuarez,Centro De Contacto,6:00:00,11:00:00,7:00:00
11/03/2026,Zestrada,Vacaciones,6:00:00,11:00:00,7:00:00
11/03/2026,gisssanchez,Centro De Contacto,6:00:00,11:00:00,7:00:00
11/03/2026,gorodriguez,Centro De Contacto,6:00:00,11:00:00,7:00:00
11/03/2026,inggomez,Vacaciones,6:00:00,11:00:00,7:00:00
11/03/2026,julcorrea,Incapacidad Extendida,6:00:00,11:00:00,7:00:00
11/03/2026,ensandoval,Centro De Contacto,6:00:00,11:00:00,7:20:00
11/03/2026,rossantamaria,Vacaciones,6:00:00,11:00:00,7:20:00
11/03/2026,genemoreno,Centro De Contacto,6:00:00,11:00:00,7:20:00
11/03/2026,glchanis,Centro De Contacto,6:00:00,11:00:00,7:20:00
11/03/2026,yacastro,Centro De Contacto,6:00:00,11:00:00,7:20:00
11/03/2026,noregonzalez,Centro De Contacto,6:00:00,11:00:00,7:20:00
11/03/2026,danitbatista,Centro De Contacto,6:00:00,11:00:00,7:20:00
11/03/2026,luiquijada,Vacaciones,6:00:00,11:00:00,7:40:00
11/03/2026,sarrodriguez,Centro De Contacto,6:00:00,11:00:00,7:40:00
11/03/2026,ivnunez,Centro De Contacto,6:00:00,11:00:00,7:40:00
11/03/2026,arenteria,Centro De Contacto,6:00:00,11:00:00,7:40:00
11/03/2026,mnoval,Centro De Contacto,6:00:00,11:00:00,7:40:00
11/03/2026,ariasanchez,Centro De Contacto,6:00:00,11:00:00,7:40:00
11/03/2026,girgonzalez,Centro De Contacto,6:00:00,11:00:00,7:40:00
11/03/2026,Melmartinez,Centro De Contacto,6:00:00,11:00:00,7:40:00
11/03/2026,locerrud,Centro De Contacto,6:00:00,11:45:00,8:00:00
11/03/2026,gman,Centro De Contacto,6:00:00,11:45:00,8:00:00
11/03/2026,gaflores,Centro De Contacto,6:00:00,11:45:00,8:00:00
11/03/2026,lilmoreno,Centro De Contacto,6:00:00,11:45:00,8:00:00
11/03/2026,conavarro,Centro De Contacto,6:00:00,11:45:00,8:00:00
11/03/2026,Nlondono,Centro De Contacto,6:00:00,11:45:00,8:00:00
11/03/2026,xaviles,Centro De Contacto,6:00:00,11:45:00,8:00:00
11/03/2026,erphillips,Centro De Contacto,6:00:00,11:45:00,8:00:00
11/03/2026,cacedeno,Centro De Contacto,6:00:00,11:45:00,8:20:00
11/03/2026,celirodriguez,Centro De Contacto,6:00:00,11:45:00,8:20:00
11/03/2026,jbrugiatti,Vacaciones,6:00:00,11:45:00,8:20:00
11/03/2026,jballis,Centro De Contacto,6:00:00,11:45:00,8:20:00
11/03/2026,mereyes,Centro De Contacto,9:00:00,13:05:00,10:30:00
11/03/2026,siolivares,Centro De Contacto,6:00:00,11:45:00,8:20:00
11/03/2026,Jingonzalez,Centro De Contacto,6:00:00,11:45:00,8:20:00
11/03/2026,Yavallejos,Centro De Contacto,6:00:00,11:45:00,8:20:00
11/03/2026,ypineda,Centro De Contacto,6:00:00,11:45:00,8:40:00
11/03/2026,raycastillero,Centro De Contacto,6:00:00,11:45:00,8:40:00
11/03/2026,vimoran,Centro De Contacto,6:00:00,11:45:00,8:40:00
11/03/2026,Bramirez,Centro De Contacto,6:00:00,11:45:00,8:40:00
11/03/2026,Ztrejos,Centro De Contacto,6:00:00,11:45:00,8:40:00
11/03/2026,Gcoronado,Centro De Contacto,6:00:00,11:45:00,8:40:00
11/03/2026,yarmunoz,Centro De Contacto,6:00:00,11:45:00,8:40:00
11/03/2026,aigraell,Centro De Contacto,6:00:00,11:45:00,8:40:00
11/03/2026,kbennett,Centro De Contacto,9:00:00,12:30:00,10:10:00
11/03/2026,Cvillaverde,Centro De Contacto,9:00:00,13:00:00,10:10:00
11/03/2026,tpolo,Centro De Contacto,9:00:00,13:00:00,10:10:00
11/03/2026,vplicett,Centro De Contacto,9:00:00,13:00:00,10:10:00
11/03/2026,Eshernandez,Centro De Contacto,9:00:00,13:00:00,10:10:00
11/03/2026,scoke,Vacaciones,9:00:00,13:00:00,10:10:00
11/03/2026,dmolino,Centro De Contacto,9:00:00,13:00:00,10:10:00
11/03/2026,novilla,Centro De Contacto,9:00:00,13:00:00,10:10:00
11/03/2026,dancedeno,Centro De Contacto,9:00:00,13:00:00,10:30:00
11/03/2026,yamilgonzalez,Centro De Contacto,9:00:00,13:00:00,10:30:00
11/03/2026,lmartinez,Centro De Contacto,9:00:00,13:00:00,10:30:00
11/03/2026,meljaramillo,Centro De Contacto,9:00:00,13:00:00,10:30:00
11/03/2026,yetienne,Centro De Contacto,9:00:00,13:00:00,10:30:00
11/03/2026,vedelacruz,Centro De Contacto,9:00:00,13:05:00,10:30:00
11/03/2026,kdurango,Centro De Contacto,6:00:00,11:45:00,8:20:00
11/03/2026,lizisaza,Centro De Contacto,9:00:00,13:05:00,10:30:00
11/03/2026,avelez,Centro De Contacto,9:00:00,13:05:00,10:45:00
11/03/2026,kdominguez,Centro De Contacto,9:00:00,13:05:00,10:45:00
11/03/2026,rmontero,Centro De Contacto,9:00:00,13:05:00,10:45:00
11/03/2026,cacollado,Centro De Contacto,9:00:00,13:05:00,10:45:00
11/03/2026,Rubmorales,Centro De Contacto,9:00:00,13:05:00,10:45:00
11/03/2026,Jpile,Centro De Contacto,9:00:00,13:05:00,10:45:00
11/03/2026,mlorenzo,Centro De Contacto,9:00:00,13:05:00,10:45:00
11/03/2026,irisgomez,Licencia,9:00:00,13:05:00,10:45:00
12/03/2026,maryherrera,Centro De Contacto,9:00:00,13:00:00,10:10:00
12/03/2026,Yulrodriguez,Centro De Contacto,6:00:00,11:00:00,7:00:00
12/03/2026,lijuarez,Centro De Contacto,6:00:00,11:00:00,7:00:00
12/03/2026,Zestrada,Vacaciones,6:00:00,11:00:00,7:00:00
12/03/2026,gisssanchez,Centro De Contacto,6:00:00,11:00:00,7:00:00
12/03/2026,gorodriguez,Centro De Contacto,6:00:00,11:00:00,7:00:00
12/03/2026,inggomez,Vacaciones,6:00:00,11:00:00,7:00:00
12/03/2026,julcorrea,Incapacidad Extendida,6:00:00,11:00:00,7:00:00
12/03/2026,ensandoval,Centro De Contacto,6:00:00,11:00:00,7:20:00
12/03/2026,rossantamaria,Vacaciones,6:00:00,11:00:00,7:20:00
12/03/2026,genemoreno,Centro De Contacto,6:00:00,11:00:00,7:20:00
12/03/2026,glchanis,Centro De Contacto,6:00:00,11:00:00,7:20:00
12/03/2026,yacastro,Centro De Contacto,6:00:00,11:00:00,7:20:00
12/03/2026,noregonzalez,Centro De Contacto,6:00:00,11:00:00,7:20:00
12/03/2026,danitbatista,Centro De Contacto,6:00:00,11:00:00,7:20:00
12/03/2026,luiquijada,Vacaciones,6:00:00,11:00:00,7:40:00
12/03/2026,sarrodriguez,Centro De Contacto,6:00:00,11:00:00,7:40:00
12/03/2026,ivnunez,Centro De Contacto,6:00:00,11:00:00,7:40:00
12/03/2026,arenteria,Centro De Contacto,6:00:00,11:00:00,7:40:00
12/03/2026,mnoval,Centro De Contacto,6:00:00,11:00:00,7:40:00
12/03/2026,ariasanchez,Centro De Contacto,6:00:00,11:00:00,7:40:00
12/03/2026,girgonzalez,Centro De Contacto,6:00:00,11:00:00,7:40:00
12/03/2026,Melmartinez,Centro De Contacto,6:00:00,11:00:00,7:40:00
12/03/2026,locerrud,Centro De Contacto,6:00:00,11:45:00,8:00:00
12/03/2026,gman,Centro De Contacto,6:00:00,11:45:00,8:00:00
12/03/2026,gaflores,Centro De Contacto,6:00:00,11:45:00,8:00:00
12/03/2026,lilmoreno,Centro De Contacto,6:00:00,11:45:00,8:00:00
12/03/2026,conavarro,Centro De Contacto,6:00:00,11:45:00,8:00:00
12/03/2026,Nlondono,Centro De Contacto,6:00:00,11:45:00,8:00:00
12/03/2026,xaviles,Centro De Contacto,6:00:00,11:45:00,8:00:00
12/03/2026,erphillips,Centro De Contacto,6:00:00,11:45:00,8:00:00
12/03/2026,cacedeno,Centro De Contacto,6:00:00,11:45:00,8:20:00
12/03/2026,celirodriguez,Centro De Contacto,6:00:00,11:45:00,8:20:00
12/03/2026,jbrugiatti,Vacaciones,6:00:00,11:45:00,8:20:00
12/03/2026,jballis,Centro De Contacto,6:00:00,11:45:00,8:20:00
12/03/2026,mereyes,Centro De Contacto,9:00:00,13:05:00,10:30:00
12/03/2026,siolivares,Centro De Contacto,6:00:00,11:45:00,8:20:00
12/03/2026,Jingonzalez,Centro De Contacto,6:00:00,11:45:00,8:20:00
12/03/2026,Yavallejos,Centro De Contacto,6:00:00,11:45:00,8:20:00
12/03/2026,ypineda,Centro De Contacto,6:00:00,11:45:00,8:40:00
12/03/2026,raycastillero,Centro De Contacto,6:00:00,11:45:00,8:40:00
12/03/2026,vimoran,Centro De Contacto,6:00:00,11:45:00,8:40:00
12/03/2026,Bramirez,Centro De Contacto,6:00:00,11:45:00,8:40:00
12/03/2026,Ztrejos,Centro De Contacto,6:00:00,11:45:00,8:40:00
12/03/2026,Gcoronado,Centro De Contacto,6:00:00,11:45:00,8:40:00
12/03/2026,yarmunoz,Centro De Contacto,6:00:00,11:45:00,8:40:00
12/03/2026,aigraell,Centro De Contacto,6:00:00,11:45:00,8:40:00
12/03/2026,kbennett,Centro De Contacto,9:00:00,12:30:00,10:10:00
12/03/2026,Cvillaverde,Centro De Contacto,9:00:00,13:00:00,10:10:00
12/03/2026,tpolo,Centro De Contacto,9:00:00,13:00:00,10:10:00
12/03/2026,vplicett,Centro De Contacto,9:00:00,13:00:00,10:10:00
12/03/2026,Eshernandez,Centro De Contacto,9:00:00,13:00:00,10:10:00
12/03/2026,scoke,Vacaciones,9:00:00,13:00:00,10:10:00
12/03/2026,dmolino,Centro De Contacto,9:00:00,13:00:00,10:10:00
12/03/2026,novilla,Centro De Contacto,9:00:00,13:00:00,10:10:00
12/03/2026,dancedeno,Centro De Contacto,9:00:00,13:00:00,10:30:00
12/03/2026,yamilgonzalez,Centro De Contacto,9:00:00,13:00:00,10:30:00
12/03/2026,lmartinez,Centro De Contacto,9:00:00,13:00:00,10:30:00
12/03/2026,meljaramillo,Centro De Contacto,9:00:00,13:00:00,10:30:00
12/03/2026,yetienne,Centro De Contacto,9:00:00,13:00:00,10:30:00
12/03/2026,vedelacruz,Centro De Contacto,9:00:00,13:05:00,10:30:00
12/03/2026,kdurango,Centro De Contacto,6:00:00,11:45:00,8:20:00
12/03/2026,lizisaza,Centro De Contacto,9:00:00,13:05:00,10:30:00
12/03/2026,avelez,Centro De Contacto,9:00:00,13:05:00,10:45:00
12/03/2026,kdominguez,Centro De Contacto,9:00:00,13:05:00,10:45:00
12/03/2026,rmontero,Centro De Contacto,9:00:00,13:05:00,10:45:00
12/03/2026,cacollado,Centro De Contacto,9:00:00,13:05:00,10:45:00
12/03/2026,Rubmorales,Centro De Contacto,9:00:00,13:05:00,10:45:00
12/03/2026,Jpile,Centro De Contacto,9:00:00,13:05:00,10:45:00
12/03/2026,mlorenzo,Centro De Contacto,9:00:00,13:05:00,10:45:00
12/03/2026,irisgomez,Licencia,9:00:00,13:05:00,10:45:00
